Index,KernelName,gpu-id,queue-id,queue-index,pid,tid,grd,wgr,lds,scr,arch_vgpr,accum_vgpr,sgpr,wave_size,sig,obj,L2CacheHit
8309,"gemm_qkvza_hfq4g256_fp16_wave64.kd",1,0,16783,50588,50588,6324224,64,0,16,64,0,48,64,0x0,0x79b1574e8940,89.9310918466
8318,"gemm_hfq4g256_residual_fp16_wave64.kd",1,0,16792,50588,50588,2097152,64,0,0,64,0,48,64,0x0,0x79b1570f86c0,91.0442422599
8321,"gemm_gate_up_hfq4g256_fp16_wave64.kd",1,0,16795,50588,50588,12582912,64,0,16,64,0,48,64,0x0,0x79b1570e47c0,90.0105761464
8324,"gemm_hfq4g256_residual_fp16_wave64.kd",1,0,16798,50588,50588,2097152,64,0,0,64,0,48,64,0x0,0x79b1570f86c0,90.2582663833
8327,"gemm_qkvza_hfq4g256_fp16_wave64.kd",1,0,16819,50536,50536,6324224,64,0,16,64,0,48,64,0x0,0x7f1990c48940,90.1797451831
8336,"gemm_hfq4g256_residual_fp16_wave64.kd",1,0,16828,50536,50536,2097152,64,0,0,64,0,48,64,0x0,0x7f198f3886c0,91.3011020064
8339,"gemm_gate_up_hfq4g256_fp16_wave64.kd",1,0,16831,50536,50536,12582912,64,0,16,64,0,48,64,0x0,0x7f198f3707c0,90.0788090570
8342,"gemm_hfq4g256_residual_fp16_wave64.kd",1,0,16834,50536,50536,2097152,64,0,0,64,0,48,64,0x0,0x7f198f3886c0,89.8922485039
8345,"gemm_qkvza_hfq4g256_fp16_wave64.kd",1,0,16837,50536,50536,6324224,64,0,16,64,0,48,64,0x0,0x7f1990c48940,90.2097675107
8354,"gemm_hfq4g256_residual_fp16_wave64.kd",1,0,16846,50536,50536,2097152,64,0,0,64,0,48,64,0x0,0x7f198f3886c0,91.0833434595
8357,"gemm_gate_up_hfq4g256_fp16_wave64.kd",1,0,16849,50536,50536,12582912,64,0,16,64,0,48,64,0x0,0x7f198f3707c0,90.1481145709
8360,"gemm_hfq4g256_residual_fp16_wave64.kd",1,0,16852,50536,50536,2097152,64,0,0,64,0,48,64,0x0,0x7f198f3886c0,90.1805810471
8363,"gemm_qkvza_hfq4g256_fp16_wave64.kd",1,0,16855,50536,50536,6324224,64,0,16,64,0,48,64,0x0,0x7f1990c48940,89.9793942823
8372,"gemm_hfq4g256_residual_fp16_wave64.kd",1,0,16864,50536,50536,2097152,64,0,0,64,0,48,64,0x0,0x7f198f3886c0,None
8375,"gemm_gate_up_hfq4g256_fp16_wave64.kd",1,0,16867,50536,50536,12582912,64,0,16,64,0,48,64,0x0,0x7f198f3707c0,None
8377,"gemm_hfq4g256_residual_fp16_wave64.kd",1,0,16851,50588,50588,2097152,64,0,0,64,0,48,64,0x0,0x79b1570f86c0,91.0037137643
8378,"gemm_hfq4g256_residual_fp16_wave64.kd",1,0,16870,50536,50536,2097152,64,0,0,64,0,48,64,0x0,0x7f198f3886c0,None
8380,"gemm_gate_up_hfq4g256_fp16_wave64.kd",1,0,16854,50588,50588,12582912,64,0,16,64,0,48,64,0x0,0x79b1570e47c0,90.1825801730
8381,"gemm_qkv_hfq4g256_fp16_wave64.kd",1,0,16873,50536,50536,5242880,64,0,16,64,0,48,64,0x0,0x7f198eee0880,None
8383,"gemm_hfq4g256_residual_fp16_wave64.kd",1,0,16857,50588,50588,2097152,64,0,0,64,0,48,64,0x0,0x79b1570f86c0,89.8583818861
8386,"gemm_qkvza_hfq4g256_fp16_wave64.kd",1,0,16860,50588,50588,6324224,64,0,16,64,0,48,64,0x0,0x79b1574e8940,90.2363887447
8395,"gemm_hfq4g256_residual_fp16_wave64.kd",1,0,16888,50536,50536,2097152,64,0,0,64,0,48,64,0x0,0x7f198f3886c0,91.1090152645
8398,"gemm_gate_up_hfq4g256_fp16_wave64.kd",1,0,16891,50536,50536,12582912,64,0,16,64,0,48,64,0x0,0x7f198f3707c0,90.2319128006
8401,"gemm_hfq4g256_residual_fp16_wave64.kd",1,0,16894,50536,50536,2097152,64,0,0,64,0,48,64,0x0,0x7f198f3886c0,89.8924275798
8404,"gemm_qkvza_hfq4g256_fp16_wave64.kd",1,0,16897,50536,50536,6324224,64,0,16,64,0,48,64,0x0,0x7f1990c48940,90.0326757241
8413,"gemm_hfq4g256_residual_fp16_wave64.kd",1,0,16906,50536,50536,2097152,64,0,0,64,0,48,64,0x0,0x7f198f3886c0,91.0127978626
8416,"gemm_gate_up_hfq4g256_fp16_wave64.kd",1,0,16909,50536,50536,12582912,64,0,16,64,0,48,64,0x0,0x7f198f3707c0,90.0660735173
8419,"gemm_hfq4g256_residual_fp16_wave64.kd",1,0,16912,50536,50536,2097152,64,0,0,64,0,48,64,0x0,0x7f198f3886c0,89.8048249874
8422,"gemm_qkvza_hfq4g256_fp16_wave64.kd",1,0,16915,50536,50536,6324224,64,0,16,64,0,48,64,0x0,0x7f1990c48940,90.1665883737
8431,"gemm_hfq4g256_residual_fp16_wave64.kd",1,0,16924,50536,50536,2097152,64,0,0,64,0,48,64,0x0,0x7f198f3886c0,91.0652971100
8434,"gemm_gate_up_hfq4g256_fp16_wave64.kd",1,0,16927,50536,50536,12582912,64,0,16,64,0,48,64,0x0,0x7f198f3707c0,90.1028559372
8437,"gemm_hfq4g256_residual_fp16_wave64.kd",1,0,16930,50536,50536,2097152,64,0,0,64,0,48,64,0x0,0x7f198f3886c0,90.1516597168
8440,"gemm_qkvza_hfq4g256_fp16_wave64.kd",1,0,16933,50536,50536,6324224,64,0,16,64,0,48,64,0x0,0x7f1990c48940,90.0193920808
8449,"gemm_hfq4g256_residual_fp16_wave64.kd",1,0,16942,50536,50536,2097152,64,0,0,64,0,48,64,0x0,0x7f198f3886c0,None
8452,"gemm_gate_up_hfq4g256_fp16_wave64.kd",1,0,16945,50536,50536,12582912,64,0,16,64,0,48,64,0x0,0x7f198f3707c0,None
8454,"gemm_hfq4g256_residual_fp16_wave64.kd",1,0,16929,50588,50588,2097152,64,0,0,64,0,48,64,0x0,0x79b1570f86c0,91.0183670703
8455,"gemm_hfq4g256_residual_fp16_wave64.kd",1,0,16948,50536,50536,2097152,64,0,0,64,0,48,64,0x0,0x7f198f3886c0,None
8457,"gemm_gate_up_hfq4g256_fp16_wave64.kd",1,0,16932,50588,50588,12582912,64,0,16,64,0,48,64,0x0,0x79b1570e47c0,90.1904059592
8458,"gemm_qkv_hfq4g256_fp16_wave64.kd",1,0,16951,50536,50536,5242880,64,0,16,64,0,48,64,0x0,0x7f198eee0880,None
8460,"gemm_hfq4g256_residual_fp16_wave64.kd",1,0,16935,50588,50588,2097152,64,0,0,64,0,48,64,0x0,0x79b1570f86c0,90.1429441481
8463,"gemm_qkvza_hfq4g256_fp16_wave64.kd",1,0,16938,50588,50588,6324224,64,0,16,64,0,48,64,0x0,0x79b1574e8940,90.3089723163
8472,"gemm_hfq4g256_residual_fp16_wave64.kd",1,0,16965,50536,50536,2097152,64,0,0,64,0,48,64,0x0,0x7f198f3886c0,91.2417466328
8475,"gemm_gate_up_hfq4g256_fp16_wave64.kd",1,0,16968,50536,50536,12582912,64,0,16,64,0,48,64,0x0,0x7f198f3707c0,90.2085639694
8478,"gemm_hfq4g256_residual_fp16_wave64.kd",1,0,16971,50536,50536,2097152,64,0,0,64,0,48,64,0x0,0x7f198f3886c0,89.9041615319
8481,"gemm_qkvza_hfq4g256_fp16_wave64.kd",1,0,16974,50536,50536,6324224,64,0,16,64,0,48,64,0x0,0x7f1990c48940,90.2141576008
8490,"gemm_hfq4g256_residual_fp16_wave64.kd",1,0,16983,50536,50536,2097152,64,0,0,64,0,48,64,0x0,0x7f198f3886c0,91.2012861782
8493,"gemm_gate_up_hfq4g256_fp16_wave64.kd",1,0,16986,50536,50536,12582912,64,0,16,64,0,48,64,0x0,0x7f198f3707c0,90.1413694164
8496,"gemm_hfq4g256_residual_fp16_wave64.kd",1,0,16989,50536,50536,2097152,64,0,0,64,0,48,64,0x0,0x7f198f3886c0,89.9735943087
8499,"gemm_qkvza_hfq4g256_fp16_wave64.kd",1,0,16992,50536,50536,6324224,64,0,16,64,0,48,64,0x0,0x7f1990c48940,90.0973162818
8508,"gemm_hfq4g256_residual_fp16_wave64.kd",1,0,17001,50536,50536,2097152,64,0,0,64,0,48,64,0x0,0x7f198f3886c0,91.2023702388
8511,"gemm_gate_up_hfq4g256_fp16_wave64.kd",1,0,17004,50536,50536,12582912,64,0,16,64,0,48,64,0x0,0x7f198f3707c0,90.1535822726
8514,"gemm_hfq4g256_residual_fp16_wave64.kd",1,0,17007,50536,50536,2097152,64,0,0,64,0,48,64,0x0,0x7f198f3886c0,89.9990319188
8517,"gemm_qkvza_hfq4g256_fp16_wave64.kd",1,0,17010,50536,50536,6324224,64,0,16,64,0,48,64,0x0,0x7f1990c48940,89.9925755654
8526,"gemm_hfq4g256_residual_fp16_wave64.kd",1,0,17019,50536,50536,2097152,64,0,0,64,0,48,64,0x0,0x7f198f3886c0,None
8529,"gemm_gate_up_hfq4g256_fp16_wave64.kd",1,0,17022,50536,50536,12582912,64,0,16,64,0,48,64,0x0,0x7f198f3707c0,None
8531,"gemm_hfq4g256_residual_fp16_wave64.kd",1,0,17006,50588,50588,2097152,64,0,0,64,0,48,64,0x0,0x79b1570f86c0,91.1542265263
8532,"gemm_hfq4g256_residual_fp16_wave64.kd",1,0,17025,50536,50536,2097152,64,0,0,64,0,48,64,0x0,0x7f198f3886c0,None
8534,"gemm_gate_up_hfq4g256_fp16_wave64.kd",1,0,17009,50588,50588,12582912,64,0,16,64,0,48,64,0x0,0x79b1570e47c0,90.1688847083
8535,"gemm_qkv_hfq4g256_fp16_wave64.kd",1,0,17028,50536,50536,5242880,64,0,16,64,0,48,64,0x0,0x7f198eee0880,None
8537,"gemm_hfq4g256_residual_fp16_wave64.kd",1,0,17012,50588,50588,2097152,64,0,0,64,0,48,64,0x0,0x79b1570f86c0,90.1551622200
8540,"gemm_qkvza_hfq4g256_fp16_wave64.kd",1,0,17015,50588,50588,6324224,64,0,16,64,0,48,64,0x0,0x79b1574e8940,90.2435561472
8549,"gemm_hfq4g256_residual_fp16_wave64.kd",1,0,17042,50536,50536,2097152,64,0,0,64,0,48,64,0x0,0x7f198f3886c0,91.2103267918
8552,"gemm_gate_up_hfq4g256_fp16_wave64.kd",1,0,17045,50536,50536,12582912,64,0,16,64,0,48,64,0x0,0x7f198f3707c0,90.1474443816
8555,"gemm_hfq4g256_residual_fp16_wave64.kd",1,0,17048,50536,50536,2097152,64,0,0,64,0,48,64,0x0,0x7f198f3886c0,89.7864634981
8558,"gemm_qkvza_hfq4g256_fp16_wave64.kd",1,0,17051,50536,50536,6324224,64,0,16,64,0,48,64,0x0,0x7f1990c48940,90.1823118966
8567,"gemm_hfq4g256_residual_fp16_wave64.kd",1,0,17060,50536,50536,2097152,64,0,0,64,0,48,64,0x0,0x7f198f3886c0,91.1954239226
8570,"gemm_gate_up_hfq4g256_fp16_wave64.kd",1,0,17063,50536,50536,12582912,64,0,16,64,0,48,64,0x0,0x7f198f3707c0,90.1298177179
8573,"gemm_hfq4g256_residual_fp16_wave64.kd",1,0,17066,50536,50536,2097152,64,0,0,64,0,48,64,0x0,0x7f198f3886c0,90.3604361949
8576,"gemm_qkvza_hfq4g256_fp16_wave64.kd",1,0,17069,50536,50536,6324224,64,0,16,64,0,48,64,0x0,0x7f1990c48940,90.0781872136
8585,"gemm_hfq4g256_residual_fp16_wave64.kd",1,0,17078,50536,50536,2097152,64,0,0,64,0,48,64,0x0,0x7f198f3886c0,91.2623719864
8588,"gemm_gate_up_hfq4g256_fp16_wave64.kd",1,0,17081,50536,50536,12582912,64,0,16,64,0,48,64,0x0,0x7f198f3707c0,90.1314451975
8591,"gemm_hfq4g256_residual_fp16_wave64.kd",1,0,17084,50536,50536,2097152,64,0,0,64,0,48,64,0x0,0x7f198f3886c0,89.8836670558
8594,"gemm_qkvza_hfq4g256_fp16_wave64.kd",1,0,17087,50536,50536,6324224,64,0,16,64,0,48,64,0x0,0x7f1990c48940,90.0101620192
8603,"gemm_hfq4g256_residual_fp16_wave64.kd",1,0,17096,50536,50536,2097152,64,0,0,64,0,48,64,0x0,0x7f198f3886c0,None
8606,"gemm_gate_up_hfq4g256_fp16_wave64.kd",1,0,17099,50536,50536,12582912,64,0,16,64,0,48,64,0x0,0x7f198f3707c0,None
8608,"gemm_hfq4g256_residual_fp16_wave64.kd",1,0,17083,50588,50588,2097152,64,0,0,64,0,48,64,0x0,0x79b1570f86c0,90.9552684610
8609,"gemm_hfq4g256_residual_fp16_wave64.kd",1,0,17102,50536,50536,2097152,64,0,0,64,0,48,64,0x0,0x7f198f3886c0,None
8611,"gemm_gate_up_hfq4g256_fp16_wave64.kd",1,0,17086,50588,50588,12582912,64,0,16,64,0,48,64,0x0,0x79b1570e47c0,90.1131911293
8612,"gemm_qkv_hfq4g256_fp16_wave64.kd",1,0,17105,50536,50536,5242880,64,0,16,64,0,48,64,0x0,0x7f198eee0880,None
8614,"gemm_hfq4g256_residual_fp16_wave64.kd",1,0,17089,50588,50588,2097152,64,0,0,64,0,48,64,0x0,0x79b1570f86c0,89.8651403689
8617,"gemm_qkvza_hfq4g256_fp16_wave64.kd",1,0,17092,50588,50588,6324224,64,0,16,64,0,48,64,0x0,0x79b1574e8940,90.1826998120
8626,"gemm_hfq4g256_residual_fp16_wave64.kd",1,0,17119,50536,50536,2097152,64,0,0,64,0,48,64,0x0,0x7f198f3886c0,91.2624555605
8629,"gemm_gate_up_hfq4g256_fp16_wave64.kd",1,0,17122,50536,50536,12582912,64,0,16,64,0,48,64,0x0,0x7f198f3707c0,90.1580887241
8632,"gemm_hfq4g256_residual_fp16_wave64.kd",1,0,17125,50536,50536,2097152,64,0,0,64,0,48,64,0x0,0x7f198f3886c0,89.8511586422
8635,"gemm_qkvza_hfq4g256_fp16_wave64.kd",1,0,17128,50536,50536,6324224,64,0,16,64,0,48,64,0x0,0x7f1990c48940,90.1968505878
8644,"gemm_hfq4g256_residual_fp16_wave64.kd",1,0,17137,50536,50536,2097152,64,0,0,64,0,48,64,0x0,0x7f198f3886c0,91.1433592505
8647,"gemm_gate_up_hfq4g256_fp16_wave64.kd",1,0,17140,50536,50536,12582912,64,0,16,64,0,48,64,0x0,0x7f198f3707c0,90.1925978552
8650,"gemm_hfq4g256_residual_fp16_wave64.kd",1,0,17143,50536,50536,2097152,64,0,0,64,0,48,64,0x0,0x7f198f3886c0,90.3646716833
8653,"gemm_qkvza_hfq4g256_fp16_wave64.kd",1,0,17146,50536,50536,6324224,64,0,16,64,0,48,64,0x0,0x7f1990c48940,90.0962524091
8662,"gemm_hfq4g256_residual_fp16_wave64.kd",1,0,17155,50536,50536,2097152,64,0,0,64,0,48,64,0x0,0x7f198f3886c0,91.1317766852
8665,"gemm_gate_up_hfq4g256_fp16_wave64.kd",1,0,17158,50536,50536,12582912,64,0,16,64,0,48,64,0x0,0x7f198f3707c0,90.1519942258
8668,"gemm_hfq4g256_residual_fp16_wave64.kd",1,0,17161,50536,50536,2097152,64,0,0,64,0,48,64,0x0,0x7f198f3886c0,89.8891953875
8671,"gemm_qkvza_hfq4g256_fp16_wave64.kd",1,0,17164,50536,50536,6324224,64,0,16,64,0,48,64,0x0,0x7f1990c48940,89.9955903440
8680,"gemm_hfq4g256_residual_fp16_wave64.kd",1,0,17173,50536,50536,2097152,64,0,0,64,0,48,64,0x0,0x7f198f3886c0,None
8683,"gemm_gate_up_hfq4g256_fp16_wave64.kd",1,0,17176,50536,50536,12582912,64,0,16,64,0,48,64,0x0,0x7f198f3707c0,None
8685,"gemm_hfq4g256_residual_fp16_wave64.kd",1,0,17160,50588,50588,2097152,64,0,0,64,0,48,64,0x0,0x79b1570f86c0,90.9446875525
8686,"gemm_hfq4g256_residual_fp16_wave64.kd",1,0,17179,50536,50536,2097152,64,0,0,64,0,48,64,0x0,0x7f198f3886c0,None
8688,"gemm_gate_up_hfq4g256_fp16_wave64.kd",1,0,17163,50588,50588,12582912,64,0,16,64,0,48,64,0x0,0x79b1570e47c0,90.1346301934
8689,"gemm_qkv_hfq4g256_fp16_wave64.kd",1,0,17182,50536,50536,5242880,64,0,16,64,0,48,64,0x0,0x7f198eee0880,None
8691,"gemm_hfq4g256_residual_fp16_wave64.kd",1,0,17166,50588,50588,2097152,64,0,0,64,0,48,64,0x0,0x79b1570f86c0,89.8043835906
8694,"gemm_qkvza_hfq4g256_fp16_wave64.kd",1,0,17169,50588,50588,6324224,64,0,16,64,0,48,64,0x0,0x79b1574e8940,90.1605342806
8703,"gemm_hfq4g256_residual_fp16_wave64.kd",1,0,17196,50536,50536,2097152,64,0,0,64,0,48,64,0x0,0x7f198f3886c0,91.1252848182
8706,"gemm_gate_up_hfq4g256_fp16_wave64.kd",1,0,17199,50536,50536,12582912,64,0,16,64,0,48,64,0x0,0x7f198f3707c0,90.1751281978
8709,"gemm_hfq4g256_residual_fp16_wave64.kd",1,0,17202,50536,50536,2097152,64,0,0,64,0,48,64,0x0,0x7f198f3886c0,89.9755068978
8712,"gemm_qkvza_hfq4g256_fp16_wave64.kd",1,0,17205,50536,50536,6324224,64,0,16,64,0,48,64,0x0,0x7f1990c48940,90.2091266309
8721,"gemm_hfq4g256_residual_fp16_wave64.kd",1,0,17214,50536,50536,2097152,64,0,0,64,0,48,64,0x0,0x7f198f3886c0,91.1560595776
8724,"gemm_gate_up_hfq4g256_fp16_wave64.kd",1,0,17217,50536,50536,12582912,64,0,16,64,0,48,64,0x0,0x7f198f3707c0,90.1296764316
8727,"gemm_hfq4g256_residual_fp16_wave64.kd",1,0,17220,50536,50536,2097152,64,0,0,64,0,48,64,0x0,0x7f198f3886c0,90.0122802719
8730,"gemm_qkvza_hfq4g256_fp16_wave64.kd",1,0,17223,50536,50536,6324224,64,0,16,64,0,48,64,0x0,0x7f1990c48940,90.2306959036
8739,"gemm_hfq4g256_residual_fp16_wave64.kd",1,0,17232,50536,50536,2097152,64,0,0,64,0,48,64,0x0,0x7f198f3886c0,91.1126770737
8742,"gemm_gate_up_hfq4g256_fp16_wave64.kd",1,0,17235,50536,50536,12582912,64,0,16,64,0,48,64,0x0,0x7f198f3707c0,90.1885585046
8745,"gemm_hfq4g256_residual_fp16_wave64.kd",1,0,17238,50536,50536,2097152,64,0,0,64,0,48,64,0x0,0x7f198f3886c0,90.1258494892
8748,"gemm_qkvza_hfq4g256_fp16_wave64.kd",1,0,17241,50536,50536,6324224,64,0,16,64,0,48,64,0x0,0x7f1990c48940,90.0292435565
8757,"gemm_hfq4g256_residual_fp16_wave64.kd",1,0,17250,50536,50536,2097152,64,0,0,64,0,48,64,0x0,0x7f198f3886c0,None
8760,"gemm_gate_up_hfq4g256_fp16_wave64.kd",1,0,17253,50536,50536,12582912,64,0,16,64,0,48,64,0x0,0x7f198f3707c0,None
8762,"gemm_hfq4g256_residual_fp16_wave64.kd",1,0,17237,50588,50588,2097152,64,0,0,64,0,48,64,0x0,0x79b1570f86c0,91.0110984117
8763,"gemm_hfq4g256_residual_fp16_wave64.kd",1,0,17256,50536,50536,2097152,64,0,0,64,0,48,64,0x0,0x7f198f3886c0,None
8765,"gemm_gate_up_hfq4g256_fp16_wave64.kd",1,0,17240,50588,50588,12582912,64,0,16,64,0,48,64,0x0,0x79b1570e47c0,90.0444763370
8766,"gemm_qkv_hfq4g256_fp16_wave64.kd",1,0,17259,50536,50536,5242880,64,0,16,64,0,48,64,0x0,0x7f198eee0880,None
8768,"gemm_hfq4g256_residual_fp16_wave64.kd",1,0,17243,50588,50588,2097152,64,0,0,64,0,48,64,0x0,0x79b1570f86c0,90.6534388952
8771,"gemm_qkvza_hfq4g256_fp16_wave64.kd",1,0,17246,50588,50588,6324224,64,0,16,64,0,48,64,0x0,0x79b1574e8940,90.2565442206
8780,"gemm_hfq4g256_residual_fp16_wave64.kd",1,0,17273,50536,50536,2097152,64,0,0,64,0,48,64,0x0,0x7f198f3886c0,90.9586912247
8783,"gemm_gate_up_hfq4g256_fp16_wave64.kd",1,0,17276,50536,50536,12582912,64,0,16,64,0,48,64,0x0,0x7f198f3707c0,89.9997658008
8786,"gemm_hfq4g256_residual_fp16_wave64.kd",1,0,17279,50536,50536,2097152,64,0,0,64,0,48,64,0x0,0x7f198f3886c0,90.0567896144
8789,"gemm_qkvza_hfq4g256_fp16_wave64.kd",1,0,17282,50536,50536,6324224,64,0,16,64,0,48,64,0x0,0x7f1990c48940,90.1574364394
8798,"gemm_hfq4g256_residual_fp16_wave64.kd",1,0,17291,50536,50536,2097152,64,0,0,64,0,48,64,0x0,0x7f198f3886c0,91.2281081299
8801,"gemm_gate_up_hfq4g256_fp16_wave64.kd",1,0,17294,50536,50536,12582912,64,0,16,64,0,48,64,0x0,0x7f198f3707c0,90.1656130288
8804,"gemm_hfq4g256_residual_fp16_wave64.kd",1,0,17297,50536,50536,2097152,64,0,0,64,0,48,64,0x0,0x7f198f3886c0,89.7405507812
8807,"gemm_qkvza_hfq4g256_fp16_wave64.kd",1,0,17300,50536,50536,6324224,64,0,16,64,0,48,64,0x0,0x7f1990c48940,90.1983323426
8816,"gemm_hfq4g256_residual_fp16_wave64.kd",1,0,17309,50536,50536,2097152,64,0,0,64,0,48,64,0x0,0x7f198f3886c0,91.2106045916
8819,"gemm_gate_up_hfq4g256_fp16_wave64.kd",1,0,17312,50536,50536,12582912,64,0,16,64,0,48,64,0x0,0x7f198f3707c0,90.0819719962
8822,"gemm_hfq4g256_residual_fp16_wave64.kd",1,0,17315,50536,50536,2097152,64,0,0,64,0,48,64,0x0,0x7f198f3886c0,90.0251149434
8825,"gemm_qkvza_hfq4g256_fp16_wave64.kd",1,0,17318,50536,50536,6324224,64,0,16,64,0,48,64,0x0,0x7f1990c48940,90.0980079606
8834,"gemm_hfq4g256_residual_fp16_wave64.kd",1,0,17327,50536,50536,2097152,64,0,0,64,0,48,64,0x0,0x7f198f3886c0,None
8837,"gemm_gate_up_hfq4g256_fp16_wave64.kd",1,0,17330,50536,50536,12582912,64,0,16,64,0,48,64,0x0,0x7f198f3707c0,None
8839,"gemm_hfq4g256_residual_fp16_wave64.kd",1,0,17314,50588,50588,2097152,64,0,0,64,0,48,64,0x0,0x79b1570f86c0,91.1583450624
8840,"gemm_hfq4g256_residual_fp16_wave64.kd",1,0,17333,50536,50536,2097152,64,0,0,64,0,48,64,0x0,0x7f198f3886c0,None
8842,"gemm_gate_up_hfq4g256_fp16_wave64.kd",1,0,17317,50588,50588,12582912,64,0,16,64,0,48,64,0x0,0x79b1570e47c0,90.0401475518
8843,"gemm_qkv_hfq4g256_fp16_wave64.kd",1,0,17336,50536,50536,5242880,64,0,16,64,0,48,64,0x0,0x7f198eee0880,None
8845,"gemm_hfq4g256_residual_fp16_wave64.kd",1,0,17320,50588,50588,2097152,64,0,0,64,0,48,64,0x0,0x79b1570f86c0,89.7987110706
8848,"gemm_qkvza_hfq4g256_fp16_wave64.kd",1,0,17323,50588,50588,6324224,64,0,16,64,0,48,64,0x0,0x79b1574e8940,90.0781554399
8857,"gemm_hfq4g256_residual_fp16_wave64.kd",1,0,17350,50536,50536,2097152,64,0,0,64,0,48,64,0x0,0x7f198f3886c0,91.1594944850
8860,"gemm_gate_up_hfq4g256_fp16_wave64.kd",1,0,17353,50536,50536,12582912,64,0,16,64,0,48,64,0x0,0x7f198f3707c0,90.1279668283
8863,"gemm_hfq4g256_residual_fp16_wave64.kd",1,0,17356,50536,50536,2097152,64,0,0,64,0,48,64,0x0,0x7f198f3886c0,90.1217032021
8866,"gemm_qkvza_hfq4g256_fp16_wave64.kd",1,0,17359,50536,50536,6324224,64,0,16,64,0,48,64,0x0,0x7f1990c48940,90.2659971313
8875,"gemm_hfq4g256_residual_fp16_wave64.kd",1,0,17368,50536,50536,2097152,64,0,0,64,0,48,64,0x0,0x7f198f3886c0,91.2825833019
8878,"gemm_gate_up_hfq4g256_fp16_wave64.kd",1,0,17371,50536,50536,12582912,64,0,16,64,0,48,64,0x0,0x7f198f3707c0,90.1242017677
8881,"gemm_hfq4g256_residual_fp16_wave64.kd",1,0,17374,50536,50536,2097152,64,0,0,64,0,48,64,0x0,0x7f198f3886c0,90.2256657179
8884,"gemm_qkvza_hfq4g256_fp16_wave64.kd",1,0,17377,50536,50536,6324224,64,0,16,64,0,48,64,0x0,0x7f1990c48940,90.0679247650
8893,"gemm_hfq4g256_residual_fp16_wave64.kd",1,0,17386,50536,50536,2097152,64,0,0,64,0,48,64,0x0,0x7f198f3886c0,91.0294820819
8896,"gemm_gate_up_hfq4g256_fp16_wave64.kd",1,0,17389,50536,50536,12582912,64,0,16,64,0,48,64,0x0,0x7f198f3707c0,90.1479149324
8899,"gemm_hfq4g256_residual_fp16_wave64.kd",1,0,17392,50536,50536,2097152,64,0,0,64,0,48,64,0x0,0x7f198f3886c0,89.9851216993
8902,"gemm_qkvza_hfq4g256_fp16_wave64.kd",1,0,17395,50536,50536,6324224,64,0,16,64,0,48,64,0x0,0x7f1990c48940,89.9780544340
8911,"gemm_hfq4g256_residual_fp16_wave64.kd",1,0,17404,50536,50536,2097152,64,0,0,64,0,48,64,0x0,0x7f198f3886c0,None
8914,"gemm_gate_up_hfq4g256_fp16_wave64.kd",1,0,17407,50536,50536,12582912,64,0,16,64,0,48,64,0x0,0x7f198f3707c0,None
8916,"gemm_hfq4g256_residual_fp16_wave64.kd",1,0,17391,50588,50588,2097152,64,0,0,64,0,48,64,0x0,0x79b1570f86c0,91.1749547509
8917,"gemm_hfq4g256_residual_fp16_wave64.kd",1,0,17410,50536,50536,2097152,64,0,0,64,0,48,64,0x0,0x7f198f3886c0,None
8919,"gemm_gate_up_hfq4g256_fp16_wave64.kd",1,0,17394,50588,50588,12582912,64,0,16,64,0,48,64,0x0,0x79b1570e47c0,90.1276362913
8920,"gemm_qkv_hfq4g256_fp16_wave64.kd",1,0,17413,50536,50536,5242880,64,0,16,64,0,48,64,0x0,0x7f198eee0880,None
8922,"gemm_hfq4g256_residual_fp16_wave64.kd",1,0,17397,50588,50588,2097152,64,0,0,64,0,48,64,0x0,0x79b1570f86c0,90.0490476131
8934,"gemm_hfq4g256_residual_fp16_wave64.kd",1,0,17427,50536,50536,2097152,64,0,0,64,0,48,64,0x0,0x7f198f3886c0,None
8937,"gemm_gate_up_hfq4g256_fp16_wave64.kd",1,0,17430,50536,50536,12582912,64,0,16,64,0,48,64,0x0,0x7f198f3707c0,None
8940,"gemm_hfq4g256_residual_fp16_wave64.kd",1,0,17433,50536,50536,2097152,64,0,0,64,0,48,64,0x0,0x7f198f3886c0,None
