Index,KernelName,gpu-id,queue-id,queue-index,pid,tid,grd,wgr,lds,scr,arch_vgpr,accum_vgpr,sgpr,wave_size,sig,obj,FetchSize,MemUnitBusy,MemUnitStalled,VALUBusy,LDSBankConflict
8316,"gemm_qkvza_hfq4g256_fp16_wave64.kd",1,0,16797,51856,51856,6324224,64,0,16,64,0,48,64,0x0,0x72a6f7b38940,483519.1875000000,70.2536810714,1.6849121003,59.9454764808,0.0000000000
8325,"gemm_hfq4g256_residual_fp16_wave64.kd",1,0,16806,51856,51856,2097152,64,0,0,64,0,48,64,0x0,0x72a6f7aa06c0,142529.7500000000,72.7576467874,1.3249379316,61.6408869195,0.0000000000
8328,"gemm_gate_up_hfq4g256_fp16_wave64.kd",1,0,16809,51856,51856,12582912,64,0,16,64,0,48,64,0x0,0x72a6f7a887c0,953320.5625000000,75.7888049696,1.8051975127,64.6576458955,0.0000000000
8331,"gemm_hfq4g256_residual_fp16_wave64.kd",1,0,16812,51856,51856,2097152,64,0,0,64,0,48,64,0x0,0x72a6f7aa06c0,429242.6250000000,64.5144318357,0.3835245456,54.5889821093,0.0000000000
8334,"gemm_qkvza_hfq4g256_fp16_wave64.kd",1,0,16815,51856,51856,6324224,64,0,16,64,0,48,64,0x0,0x72a6f7b38940,480141.8125000000,74.4814918108,1.8901881637,63.5074254277,0.0000000000
8343,"gemm_hfq4g256_residual_fp16_wave64.kd",1,0,16824,51856,51856,2097152,64,0,0,64,0,48,64,0x0,0x72a6f7aa06c0,142404.8125000000,73.0325098172,1.3166478737,61.7339513216,0.0000000000
8346,"gemm_gate_up_hfq4g256_fp16_wave64.kd",1,0,16827,51856,51856,12582912,64,0,16,64,0,48,64,0x0,0x72a6f7a887c0,952526.0000000000,75.8859367717,1.8087251468,64.8054174938,0.0000000000
8349,"gemm_hfq4g256_residual_fp16_wave64.kd",1,0,16830,51856,51856,2097152,64,0,0,64,0,48,64,0x0,0x72a6f7aa06c0,429359.1250000000,64.5207643197,0.3816387646,54.6100678616,0.0000000000
8352,"gemm_qkvza_hfq4g256_fp16_wave64.kd",1,0,16833,51856,51856,6324224,64,0,16,64,0,48,64,0x0,0x72a6f7b38940,480098.5625000000,74.7289767622,1.8539148858,63.7277567092,0.0000000000
8361,"gemm_hfq4g256_residual_fp16_wave64.kd",1,0,16842,51856,51856,2097152,64,0,0,64,0,48,64,0x0,0x72a6f7aa06c0,142401.1875000000,73.1432782487,1.3082293353,61.8219714403,0.0000000000
8364,"gemm_gate_up_hfq4g256_fp16_wave64.kd",1,0,16845,51856,51856,12582912,64,0,16,64,0,48,64,0x0,0x72a6f7a887c0,953222.0625000000,76.1141369491,1.8085183127,65.1109108063,0.0000000000
8367,"gemm_hfq4g256_residual_fp16_wave64.kd",1,0,16848,51856,51856,2097152,64,0,0,64,0,48,64,0x0,0x72a6f7aa06c0,429176.8125000000,65.2936458825,0.3856387952,54.8648921615,0.0000000000
8370,"gemm_qkv_hfq4g256_fp16_wave64.kd",1,0,16851,51856,51856,5242880,64,0,16,64,0,48,64,0x0,0x72a6f76b8880,398221.9375000000,74.8637221975,1.8411600838,63.6678747609,0.0000000000
8384,"gemm_hfq4g256_residual_fp16_wave64.kd",1,0,16865,51856,51856,2097152,64,0,0,64,0,48,64,0x0,0x72a6f7aa06c0,142396.8125000000,73.0959205710,1.3099559357,61.7130922186,0.0000000000
8387,"gemm_gate_up_hfq4g256_fp16_wave64.kd",1,0,16868,51856,51856,12582912,64,0,16,64,0,48,64,0x0,0x72a6f7a887c0,953348.0000000000,76.2119930642,1.8179975790,65.1775176997,0.0000000000
8390,"gemm_hfq4g256_residual_fp16_wave64.kd",1,0,16871,51856,51856,2097152,64,0,0,64,0,48,64,0x0,0x72a6f7aa06c0,429184.6250000000,64.6158898096,0.3916599906,54.5298807285,0.0000000000
8393,"gemm_qkvza_hfq4g256_fp16_wave64.kd",1,0,16874,51856,51856,6324224,64,0,16,64,0,48,64,0x0,0x72a6f7b38940,480031.5000000000,74.7330948420,1.8613983764,63.8246259042,0.0000000000
8402,"gemm_hfq4g256_residual_fp16_wave64.kd",1,0,16883,51856,51856,2097152,64,0,0,64,0,48,64,0x0,0x72a6f7aa06c0,142419.6875000000,73.2738420824,1.3471146192,61.7740561018,0.0000000000
8405,"gemm_gate_up_hfq4g256_fp16_wave64.kd",1,0,16886,51856,51856,12582912,64,0,16,64,0,48,64,0x0,0x72a6f7a887c0,953053.3125000000,76.2191270305,1.8054464264,65.2006493316,0.0000000000
8408,"gemm_hfq4g256_residual_fp16_wave64.kd",1,0,16889,51856,51856,2097152,64,0,0,64,0,48,64,0x0,0x72a6f7aa06c0,429215.1875000000,64.6160570584,0.3776167443,54.5130433698,0.0000000000
8411,"gemm_qkvza_hfq4g256_fp16_wave64.kd",1,0,16892,51856,51856,6324224,64,0,16,64,0,48,64,0x0,0x72a6f7b38940,480073.1875000000,74.8118545095,1.8668810289,63.7601510698,0.0000000000
8420,"gemm_hfq4g256_residual_fp16_wave64.kd",1,0,16902,51856,51856,2097152,64,0,0,64,0,48,64,0x0,0x72a6f7aa06c0,142369.3125000000,73.0831808595,1.3338384336,61.7168833195,0.0000000000
8423,"gemm_gate_up_hfq4g256_fp16_wave64.kd",1,0,16905,51856,51856,12582912,64,0,16,64,0,48,64,0x0,0x72a6f7a887c0,952569.2500000000,76.0527252189,1.8039087114,65.1098441651,0.0000000000
8426,"gemm_hfq4g256_residual_fp16_wave64.kd",1,0,16908,51856,51856,2097152,64,0,0,64,0,48,64,0x0,0x72a6f7aa06c0,429010.5625000000,65.5169684836,0.3880971839,54.9943555748,0.0000000000
8429,"gemm_qkvza_hfq4g256_fp16_wave64.kd",1,0,16911,51856,51856,6324224,64,0,16,64,0,48,64,0x0,0x72a6f7b38940,479758.3750000000,74.8048319307,1.8460176723,63.9076722543,0.0000000000
8438,"gemm_hfq4g256_residual_fp16_wave64.kd",1,0,16920,51856,51856,2097152,64,0,0,64,0,48,64,0x0,0x72a6f7aa06c0,142380.6875000000,73.0706559157,1.2871185086,61.7935104365,0.0000000000
8441,"gemm_gate_up_hfq4g256_fp16_wave64.kd",1,0,16923,51856,51856,12582912,64,0,16,64,0,48,64,0x0,0x72a6f7a887c0,953348.2500000000,76.0246664985,1.8045239572,65.0491928104,0.0000000000
8444,"gemm_hfq4g256_residual_fp16_wave64.kd",1,0,16926,51856,51856,2097152,64,0,0,64,0,48,64,0x0,0x72a6f7aa06c0,429104.7500000000,64.4458567114,0.3722446193,54.6712364139,0.0000000000
8447,"gemm_qkv_hfq4g256_fp16_wave64.kd",1,0,16929,51856,51856,5242880,64,0,16,64,0,48,64,0x0,0x72a6f76b8880,398254.1875000000,74.8700637455,1.8613318724,63.7301347984,0.0000000000
8461,"gemm_hfq4g256_residual_fp16_wave64.kd",1,0,16943,51856,51856,2097152,64,0,0,64,0,48,64,0x0,0x72a6f7aa06c0,142381.9375000000,73.1613313132,1.3118685723,61.7874050749,0.0000000000
8464,"gemm_gate_up_hfq4g256_fp16_wave64.kd",1,0,16946,51856,51856,12582912,64,0,16,64,0,48,64,0x0,0x72a6f7a887c0,953309.5000000000,76.0732785650,1.8097199399,65.0966873226,0.0000000000
8467,"gemm_hfq4g256_residual_fp16_wave64.kd",1,0,16949,51856,51856,2097152,64,0,0,64,0,48,64,0x0,0x72a6f7aa06c0,429001.8750000000,65.5055453042,0.3962367060,54.9164481356,0.0000000000
8470,"gemm_qkvza_hfq4g256_fp16_wave64.kd",1,0,16952,51856,51856,6324224,64,0,16,64,0,48,64,0x0,0x72a6f7b38940,479826.9375000000,75.0302042014,1.8569641010,64.0384069829,0.0000000000
8479,"gemm_hfq4g256_residual_fp16_wave64.kd",1,0,16961,51856,51856,2097152,64,0,0,64,0,48,64,0x0,0x72a6f7aa06c0,142408.0625000000,73.0839738477,1.3056856449,61.8024431498,0.0000000000
8482,"gemm_gate_up_hfq4g256_fp16_wave64.kd",1,0,16964,51856,51856,12582912,64,0,16,64,0,48,64,0x0,0x72a6f7a887c0,953578.4375000000,76.2389035906,1.8066650553,65.1392464892,0.0000000000
8485,"gemm_hfq4g256_residual_fp16_wave64.kd",1,0,16967,51856,51856,2097152,64,0,0,64,0,48,64,0x0,0x72a6f7aa06c0,428997.6875000000,64.9061939045,0.3905692323,54.5397620322,0.0000000000
8488,"gemm_qkvza_hfq4g256_fp16_wave64.kd",1,0,16970,51856,51856,6324224,64,0,16,64,0,48,64,0x0,0x72a6f7b38940,479740.7500000000,74.8420643110,1.8534890792,63.8507677562,0.0000000000
8497,"gemm_hfq4g256_residual_fp16_wave64.kd",1,0,16979,51856,51856,2097152,64,0,0,64,0,48,64,0x0,0x72a6f7aa06c0,142399.1250000000,73.2570290067,1.2689176401,61.8140803932,0.0000000000
8500,"gemm_gate_up_hfq4g256_fp16_wave64.kd",1,0,16982,51856,51856,12582912,64,0,16,64,0,48,64,0x0,0x72a6f7a887c0,953459.6875000000,76.1127973690,1.8090092261,65.0766343351,0.0000000000
8503,"gemm_hfq4g256_residual_fp16_wave64.kd",1,0,16985,51856,51856,2097152,64,0,0,64,0,48,64,0x0,0x72a6f7aa06c0,429296.6250000000,65.0189391033,0.3958949914,54.6659052346,0.0000000000
8506,"gemm_qkvza_hfq4g256_fp16_wave64.kd",1,0,16988,51856,51856,6324224,64,0,16,64,0,48,64,0x0,0x72a6f7b38940,480133.3750000000,74.7181761904,1.8615988861,63.7650192623,0.0000000000
8515,"gemm_hfq4g256_residual_fp16_wave64.kd",1,0,16997,51856,51856,2097152,64,0,0,64,0,48,64,0x0,0x72a6f7aa06c0,142421.1250000000,73.1907931981,1.3070822865,61.8500509684,0.0000000000
8518,"gemm_gate_up_hfq4g256_fp16_wave64.kd",1,0,17000,51856,51856,12582912,64,0,16,64,0,48,64,0x0,0x72a6f7a887c0,953001.6250000000,76.0073533725,1.8023103417,65.0179325927,0.0000000000
8521,"gemm_hfq4g256_residual_fp16_wave64.kd",1,0,17003,51856,51856,2097152,64,0,0,64,0,48,64,0x0,0x72a6f7aa06c0,429068.1250000000,65.2815530903,0.3876851647,54.7182851476,0.0000000000
8524,"gemm_qkv_hfq4g256_fp16_wave64.kd",1,0,17006,51856,51856,5242880,64,0,16,64,0,48,64,0x0,0x72a6f76b8880,398182.6875000000,74.6560949836,1.8493047906,63.5504034499,0.0000000000
8538,"gemm_hfq4g256_residual_fp16_wave64.kd",1,0,17020,51856,51856,2097152,64,0,0,64,0,48,64,0x0,0x72a6f7aa06c0,142347.3125000000,73.0927866642,1.2949545092,61.6313897385,0.0000000000
8541,"gemm_gate_up_hfq4g256_fp16_wave64.kd",1,0,17023,51856,51856,12582912,64,0,16,64,0,48,64,0x0,0x72a6f7a887c0,953191.5625000000,76.1355193141,1.8204482665,65.1082773553,0.0000000000
8544,"gemm_hfq4g256_residual_fp16_wave64.kd",1,0,17026,51856,51856,2097152,64,0,0,64,0,48,64,0x0,0x72a6f7aa06c0,429199.2500000000,64.7520195749,0.3910517992,54.6173514075,0.0000000000
8547,"gemm_qkvza_hfq4g256_fp16_wave64.kd",1,0,17029,51856,51856,6324224,64,0,16,64,0,48,64,0x0,0x72a6f7b38940,479876.1875000000,74.8507840451,1.8665340793,64.0190974914,0.0000000000
8556,"gemm_hfq4g256_residual_fp16_wave64.kd",1,0,17038,51856,51856,2097152,64,0,0,64,0,48,64,0x0,0x72a6f7aa06c0,142416.9375000000,73.2646495999,1.2932331899,61.8324596307,0.0000000000
8559,"gemm_gate_up_hfq4g256_fp16_wave64.kd",1,0,17041,51856,51856,12582912,64,0,16,64,0,48,64,0x0,0x72a6f7a887c0,953070.8125000000,76.1889425672,1.8099316010,65.1602971271,0.0000000000
8562,"gemm_hfq4g256_residual_fp16_wave64.kd",1,0,17044,51856,51856,2097152,64,0,0,64,0,48,64,0x0,0x72a6f7aa06c0,429019.3125000000,65.2003240227,0.3885898429,54.8949843739,0.0000000000
8565,"gemm_qkvza_hfq4g256_fp16_wave64.kd",1,0,17047,51856,51856,6324224,64,0,16,64,0,48,64,0x0,0x72a6f7b38940,480088.3125000000,74.7804205411,1.8908827027,63.8479474332,0.0000000000
8574,"gemm_hfq4g256_residual_fp16_wave64.kd",1,0,17056,51856,51856,2097152,64,0,0,64,0,48,64,0x0,0x72a6f7aa06c0,142373.8125000000,73.4268370483,1.2844047750,61.9866875418,0.0000000000
8577,"gemm_gate_up_hfq4g256_fp16_wave64.kd",1,0,17059,51856,51856,12582912,64,0,16,64,0,48,64,0x0,0x72a6f7a887c0,953779.3750000000,76.1476116200,1.8282294957,65.1978223347,0.0000000000
8580,"gemm_hfq4g256_residual_fp16_wave64.kd",1,0,17062,51856,51856,2097152,64,0,0,64,0,48,64,0x0,0x72a6f7aa06c0,429146.2500000000,64.8701875854,0.3938946135,54.6216374087,0.0000000000
8583,"gemm_qkvza_hfq4g256_fp16_wave64.kd",1,0,17065,51856,51856,6324224,64,0,16,64,0,48,64,0x0,0x72a6f7b38940,480078.4375000000,74.7755671296,1.8644903125,63.8617837821,0.0000000000
8592,"gemm_hfq4g256_residual_fp16_wave64.kd",1,0,17074,51856,51856,2097152,64,0,0,64,0,48,64,0x0,0x72a6f7aa06c0,142413.4375000000,73.4838626391,1.2975768351,62.0884508760,0.0000000000
8595,"gemm_gate_up_hfq4g256_fp16_wave64.kd",1,0,17077,51856,51856,12582912,64,0,16,64,0,48,64,0x0,0x72a6f7a887c0,953549.3125000000,76.0341378500,1.8143968635,65.0425092303,0.0000000000
8598,"gemm_hfq4g256_residual_fp16_wave64.kd",1,0,17080,51856,51856,2097152,64,0,0,64,0,48,64,0x0,0x72a6f7aa06c0,428919.3750000000,65.4234352705,0.3843151368,55.0007088517,0.0000000000
8601,"gemm_qkv_hfq4g256_fp16_wave64.kd",1,0,17083,51856,51856,5242880,64,0,16,64,0,48,64,0x0,0x72a6f76b8880,398259.1875000000,74.7884482464,1.8770578083,63.6141607710,0.0000000000
8615,"gemm_hfq4g256_residual_fp16_wave64.kd",1,0,17097,51856,51856,2097152,64,0,0,64,0,48,64,0x0,0x72a6f7aa06c0,142405.5000000000,73.2204912031,1.3013886575,61.9473008282,0.0000000000
8618,"gemm_gate_up_hfq4g256_fp16_wave64.kd",1,0,17100,51856,51856,12582912,64,0,16,64,0,48,64,0x0,0x72a6f7a887c0,953043.6250000000,76.1351162449,1.8235444898,65.2136269589,0.0000000000
8621,"gemm_hfq4g256_residual_fp16_wave64.kd",1,0,17103,51856,51856,2097152,64,0,0,64,0,48,64,0x0,0x72a6f7aa06c0,429352.3125000000,64.6785522149,0.3971761207,54.5871582999,0.0000000000
8624,"gemm_qkvza_hfq4g256_fp16_wave64.kd",1,0,17106,51856,51856,6324224,64,0,16,64,0,48,64,0x0,0x72a6f7b38940,479821.4375000000,75.0778215942,1.8538314875,63.9870352046,0.0000000000
8633,"gemm_hfq4g256_residual_fp16_wave64.kd",1,0,17115,51856,51856,2097152,64,0,0,64,0,48,64,0x0,0x72a6f7aa06c0,142410.3750000000,73.2376871843,1.3250919667,61.8020535629,0.0000000000
8636,"gemm_gate_up_hfq4g256_fp16_wave64.kd",1,0,17118,51856,51856,12582912,64,0,16,64,0,48,64,0x0,0x72a6f7a887c0,953089.3125000000,76.2617143372,1.8087950034,65.1409514839,0.0000000000
8639,"gemm_hfq4g256_residual_fp16_wave64.kd",1,0,17121,51856,51856,2097152,64,0,0,64,0,48,64,0x0,0x72a6f7aa06c0,429285.6875000000,63.8731636743,0.3706814302,54.3962803503,0.0000000000
8642,"gemm_qkvza_hfq4g256_fp16_wave64.kd",1,0,17124,51856,51856,6324224,64,0,16,64,0,48,64,0x0,0x72a6f7b38940,479735.1250000000,74.7483318893,1.8463016673,63.8271053784,0.0000000000
8651,"gemm_hfq4g256_residual_fp16_wave64.kd",1,0,17133,51856,51856,2097152,64,0,0,64,0,48,64,0x0,0x72a6f7aa06c0,142329.8125000000,73.2148044108,1.3231133915,61.8515899391,0.0000000000
8654,"gemm_gate_up_hfq4g256_fp16_wave64.kd",1,0,17136,51856,51856,12582912,64,0,16,64,0,48,64,0x0,0x72a6f7a887c0,953139.6250000000,76.0617978644,1.8066382324,65.0787213447,0.0000000000
8657,"gemm_hfq4g256_residual_fp16_wave64.kd",1,0,17139,51856,51856,2097152,64,0,0,64,0,48,64,0x0,0x72a6f7aa06c0,428930.7500000000,65.3059247941,0.3824909788,54.7647756801,0.0000000000
8660,"gemm_qkvza_hfq4g256_fp16_wave64.kd",1,0,17142,51856,51856,6324224,64,0,16,64,0,48,64,0x0,0x72a6f7b38940,479978.6875000000,74.8003790988,1.8886510573,63.8319771092,0.0000000000
8669,"gemm_hfq4g256_residual_fp16_wave64.kd",1,0,17151,51856,51856,2097152,64,0,0,64,0,48,64,0x0,0x72a6f7aa06c0,142348.5000000000,73.3568661900,1.3287344713,61.8952850824,0.0000000000
8672,"gemm_gate_up_hfq4g256_fp16_wave64.kd",1,0,17154,51856,51856,12582912,64,0,16,64,0,48,64,0x0,0x72a6f7a887c0,952967.1875000000,76.0425335050,1.8108928679,65.0811670929,0.0000000000
8675,"gemm_hfq4g256_residual_fp16_wave64.kd",1,0,17157,51856,51856,2097152,64,0,0,64,0,48,64,0x0,0x72a6f7aa06c0,429176.1250000000,64.1077956202,0.3715544217,54.4152025714,0.0000000000
8678,"gemm_qkv_hfq4g256_fp16_wave64.kd",1,0,17160,51856,51856,5242880,64,0,16,64,0,48,64,0x0,0x72a6f76b8880,398057.3750000000,74.6982603874,1.8950461616,63.5340983887,0.0000000000
8692,"gemm_hfq4g256_residual_fp16_wave64.kd",1,0,17174,51856,51856,2097152,64,0,0,64,0,48,64,0x0,0x72a6f7aa06c0,142412.0000000000,73.0565713278,1.3035060692,61.6214923826,0.0000000000
8695,"gemm_gate_up_hfq4g256_fp16_wave64.kd",1,0,17177,51856,51856,12582912,64,0,16,64,0,48,64,0x0,0x72a6f7a887c0,953034.9375000000,76.1226459640,1.8336716025,65.1361629697,0.0000000000
8698,"gemm_hfq4g256_residual_fp16_wave64.kd",1,0,17180,51856,51856,2097152,64,0,0,64,0,48,64,0x0,0x72a6f7aa06c0,428985.1250000000,65.5519764761,0.3880289655,54.9521428119,0.0000000000
8701,"gemm_qkvza_hfq4g256_fp16_wave64.kd",1,0,17183,51856,51856,6324224,64,0,16,64,0,48,64,0x0,0x72a6f7b38940,480029.0000000000,74.7546136265,1.9001163995,63.6397794374,0.0000000000
8710,"gemm_hfq4g256_residual_fp16_wave64.kd",1,0,17192,51856,51856,2097152,64,0,0,64,0,48,64,0x0,0x72a6f7aa06c0,142412.2500000000,73.2987288633,1.2950085928,61.8435074025,0.0000000000
8713,"gemm_gate_up_hfq4g256_fp16_wave64.kd",1,0,17195,51856,51856,12582912,64,0,16,64,0,48,64,0x0,0x72a6f7a887c0,952739.5000000000,76.0509477851,1.8149904781,65.0621558025,0.0000000000
8716,"gemm_hfq4g256_residual_fp16_wave64.kd",1,0,17198,51856,51856,2097152,64,0,0,64,0,48,64,0x0,0x72a6f7aa06c0,429279.1250000000,64.4015973333,0.3765456100,54.4892560666,0.0000000000
8719,"gemm_qkvza_hfq4g256_fp16_wave64.kd",1,0,17201,51856,51856,6324224,64,0,16,64,0,48,64,0x0,0x72a6f7b38940,479865.0000000000,74.6623176601,1.8362370417,63.7351779147,0.0000000000
8728,"gemm_hfq4g256_residual_fp16_wave64.kd",1,0,17210,51856,51856,2097152,64,0,0,64,0,48,64,0x0,0x72a6f7aa06c0,142341.4375000000,73.1253140706,1.3449755817,61.7303564438,0.0000000000
8731,"gemm_gate_up_hfq4g256_fp16_wave64.kd",1,0,17213,51856,51856,12582912,64,0,16,64,0,48,64,0x0,0x72a6f7a887c0,952776.2500000000,76.1779274136,1.8094705320,65.0586075963,0.0000000000
8734,"gemm_hfq4g256_residual_fp16_wave64.kd",1,0,17216,51856,51856,2097152,64,0,0,64,0,48,64,0x0,0x72a6f7aa06c0,428490.1875000000,66.5751611879,0.4011801053,55.8042893188,0.0000000000
8737,"gemm_qkvza_hfq4g256_fp16_wave64.kd",1,0,17219,51856,51856,6324224,64,0,16,64,0,48,64,0x0,0x72a6f7b38940,480065.3750000000,75.0530929630,1.8638548057,63.9469484058,0.0000000000
8746,"gemm_hfq4g256_residual_fp16_wave64.kd",1,0,17228,51856,51856,2097152,64,0,0,64,0,48,64,0x0,0x72a6f7aa06c0,142407.0625000000,73.4942184328,1.3164410291,62.0705258142,0.0000000000
8749,"gemm_gate_up_hfq4g256_fp16_wave64.kd",1,0,17231,51856,51856,12582912,64,0,16,64,0,48,64,0x0,0x72a6f7a887c0,952963.8125000000,76.1610736325,1.8036346956,65.1133831067,0.0000000000
8752,"gemm_hfq4g256_residual_fp16_wave64.kd",1,0,17234,51856,51856,2097152,64,0,0,64,0,48,64,0x0,0x72a6f7aa06c0,429305.2500000000,64.3252627973,0.3823728714,54.6184032922,0.0000000000
8755,"gemm_qkv_hfq4g256_fp16_wave64.kd",1,0,17237,51856,51856,5242880,64,0,16,64,0,48,64,0x0,0x72a6f76b8880,397618.1875000000,74.8597786859,1.9261279462,63.7376275989,0.0000000000
8769,"gemm_hfq4g256_residual_fp16_wave64.kd",1,0,17251,51856,51856,2097152,64,0,0,64,0,48,64,0x0,0x72a6f7aa06c0,142408.3125000000,73.1729013992,1.3002924913,61.8947632723,0.0000000000
8772,"gemm_gate_up_hfq4g256_fp16_wave64.kd",1,0,17254,51856,51856,12582912,64,0,16,64,0,48,64,0x0,0x72a6f7a887c0,953051.9375000000,76.1358566329,1.8285559018,65.2155454614,0.0000000000
8775,"gemm_hfq4g256_residual_fp16_wave64.kd",1,0,17257,51856,51856,2097152,64,0,0,64,0,48,64,0x0,0x72a6f7aa06c0,429095.7500000000,64.9484839575,0.3882274469,54.7218025954,0.0000000000
8778,"gemm_qkvza_hfq4g256_fp16_wave64.kd",1,0,17260,51856,51856,6324224,64,0,16,64,0,48,64,0x0,0x72a6f7b38940,479945.0000000000,74.8922288294,1.8498424881,63.8051705919,0.0000000000
8787,"gemm_hfq4g256_residual_fp16_wave64.kd",1,0,17269,51856,51856,2097152,64,0,0,64,0,48,64,0x0,0x72a6f7aa06c0,142413.1875000000,73.1182587624,1.3015466546,61.8227907891,0.0000000000
8790,"gemm_gate_up_hfq4g256_fp16_wave64.kd",1,0,17272,51856,51856,12582912,64,0,16,64,0,48,64,0x0,0x72a6f7a887c0,953152.8125000000,76.1250459408,1.8045959597,65.1995630309,0.0000000000
8793,"gemm_hfq4g256_residual_fp16_wave64.kd",1,0,17275,51856,51856,2097152,64,0,0,64,0,48,64,0x0,0x72a6f7aa06c0,429157.8750000000,64.8042845591,0.3819317687,54.6662752875,0.0000000000
8796,"gemm_qkvza_hfq4g256_fp16_wave64.kd",1,0,17278,51856,51856,6324224,64,0,16,64,0,48,64,0x0,0x72a6f7b38940,480189.4375000000,74.8973429599,1.8683346756,63.8280381217,0.0000000000
8805,"gemm_hfq4g256_residual_fp16_wave64.kd",1,0,17287,51856,51856,2097152,64,0,0,64,0,48,64,0x0,0x72a6f7aa06c0,142416.8750000000,73.2338374456,1.2984618884,61.9830215936,0.0000000000
8808,"gemm_gate_up_hfq4g256_fp16_wave64.kd",1,0,17290,51856,51856,12582912,64,0,16,64,0,48,64,0x0,0x72a6f7a887c0,953488.8750000000,76.1080734536,1.8173088069,65.1410535816,0.0000000000
8811,"gemm_hfq4g256_residual_fp16_wave64.kd",1,0,17293,51856,51856,2097152,64,0,0,64,0,48,64,0x0,0x72a6f7aa06c0,429229.0000000000,65.1041556746,0.3833123131,54.8728021155,0.0000000000
8814,"gemm_qkvza_hfq4g256_fp16_wave64.kd",1,0,17296,51856,51856,6324224,64,0,16,64,0,48,64,0x0,0x72a6f7b38940,479982.3750000000,74.9535836750,1.8942185329,63.9351500826,0.0000000000
8823,"gemm_hfq4g256_residual_fp16_wave64.kd",1,0,17305,51856,51856,2097152,64,0,0,64,0,48,64,0x0,0x72a6f7aa06c0,142400.7500000000,73.3948934600,1.3236868791,62.1294370839,0.0000000000
8826,"gemm_gate_up_hfq4g256_fp16_wave64.kd",1,0,17308,51856,51856,12582912,64,0,16,64,0,48,64,0x0,0x72a6f7a887c0,952799.8750000000,76.1866620391,1.8297616793,65.1044135930,0.0000000000
8829,"gemm_hfq4g256_residual_fp16_wave64.kd",1,0,17311,51856,51856,2097152,64,0,0,64,0,48,64,0x0,0x72a6f7aa06c0,429189.3125000000,65.4801607942,0.3888304266,54.9296148667,0.0000000000
8832,"gemm_qkv_hfq4g256_fp16_wave64.kd",1,0,17314,51856,51856,5242880,64,0,16,64,0,48,64,0x0,0x72a6f76b8880,398435.0000000000,74.7773931242,1.8565797174,63.7830924142,0.0000000000
8846,"gemm_hfq4g256_residual_fp16_wave64.kd",1,0,17328,51856,51856,2097152,64,0,0,64,0,48,64,0x0,0x72a6f7aa06c0,142418.1875000000,73.1636490903,1.3095615654,61.8206135933,0.0000000000
8849,"gemm_gate_up_hfq4g256_fp16_wave64.kd",1,0,17331,51856,51856,12582912,64,0,16,64,0,48,64,0x0,0x72a6f7a887c0,953159.6875000000,76.1422138611,1.8107082907,65.1800433101,0.0000000000
8852,"gemm_hfq4g256_residual_fp16_wave64.kd",1,0,17334,51856,51856,2097152,64,0,0,64,0,48,64,0x0,0x72a6f7aa06c0,429298.5000000000,64.8718157665,0.3839241204,54.6695389131,0.0000000000
8855,"gemm_qkvza_hfq4g256_fp16_wave64.kd",1,0,17337,51856,51856,6324224,64,0,16,64,0,48,64,0x0,0x72a6f7b38940,479536.2500000000,74.9680933974,1.8464747854,63.9229020921,0.0000000000
8864,"gemm_hfq4g256_residual_fp16_wave64.kd",1,0,17346,51856,51856,2097152,64,0,0,64,0,48,64,0x0,0x72a6f7aa06c0,142389.5625000000,73.3331242806,1.3292042623,61.9432975321,0.0000000000
8867,"gemm_gate_up_hfq4g256_fp16_wave64.kd",1,0,17349,51856,51856,12582912,64,0,16,64,0,48,64,0x0,0x72a6f7a887c0,953239.1250000000,76.2668283451,1.8244560417,65.2502165568,0.0000000000
8870,"gemm_hfq4g256_residual_fp16_wave64.kd",1,0,17352,51856,51856,2097152,64,0,0,64,0,48,64,0x0,0x72a6f7aa06c0,429282.8125000000,64.4415312649,0.3869322503,54.5093124490,0.0000000000
8873,"gemm_qkvza_hfq4g256_fp16_wave64.kd",1,0,17355,51856,51856,6324224,64,0,16,64,0,48,64,0x0,0x72a6f7b38940,479641.0000000000,74.5524671782,1.9152457509,63.8311606936,0.0000000000
8882,"gemm_hfq4g256_residual_fp16_wave64.kd",1,0,17364,51856,51856,2097152,64,0,0,64,0,48,64,0x0,0x72a6f7aa06c0,142348.4375000000,73.4759416839,1.3387608743,62.0319609290,0.0000000000
8885,"gemm_gate_up_hfq4g256_fp16_wave64.kd",1,0,17367,51856,51856,12582912,64,0,16,64,0,48,64,0x0,0x72a6f7a887c0,953347.7500000000,76.1366011294,1.8079821995,65.1679139907,0.0000000000
8888,"gemm_hfq4g256_residual_fp16_wave64.kd",1,0,17370,51856,51856,2097152,64,0,0,64,0,48,64,0x0,0x72a6f7aa06c0,429187.6250000000,65.2194050185,0.3897491018,54.9105446168,0.0000000000
8891,"gemm_qkvza_hfq4g256_fp16_wave64.kd",1,0,17373,51856,51856,6324224,64,0,16,64,0,48,64,0x0,0x72a6f7b38940,480272.3750000000,74.7950491869,1.8558317204,63.8669687287,0.0000000000
8900,"gemm_hfq4g256_residual_fp16_wave64.kd",1,0,17382,51856,51856,2097152,64,0,0,64,0,48,64,0x0,0x72a6f7aa06c0,142315.1250000000,73.3387306434,1.3667980563,61.9670315009,0.0000000000
8903,"gemm_gate_up_hfq4g256_fp16_wave64.kd",1,0,17385,51856,51856,12582912,64,0,16,64,0,48,64,0x0,0x72a6f7a887c0,953146.0625000000,76.1373829124,1.8025759726,65.1631830260,0.0000000000
8906,"gemm_hfq4g256_residual_fp16_wave64.kd",1,0,17388,51856,51856,2097152,64,0,0,64,0,48,64,0x0,0x72a6f7aa06c0,429167.7500000000,65.3710615660,0.3992232825,54.9426534205,0.0000000000
8909,"gemm_qkv_hfq4g256_fp16_wave64.kd",1,0,17391,51856,51856,5242880,64,0,16,64,0,48,64,0x0,0x72a6f76b8880,398151.3125000000,74.8363423288,1.8395810244,63.7992042247,0.0000000000
8923,"gemm_hfq4g256_residual_fp16_wave64.kd",1,0,17405,51856,51856,2097152,64,0,0,64,0,48,64,0x0,0x72a6f7aa06c0,142417.0625000000,73.2501365742,1.3144762529,61.8858819404,0.0000000000
8926,"gemm_gate_up_hfq4g256_fp16_wave64.kd",1,0,17408,51856,51856,12582912,64,0,16,64,0,48,64,0x0,0x72a6f7a887c0,953197.6875000000,76.1899531351,1.8286336324,65.1771216896,0.0000000000
8929,"gemm_hfq4g256_residual_fp16_wave64.kd",1,0,17411,51856,51856,2097152,64,0,0,64,0,48,64,0x0,0x72a6f7aa06c0,429307.8125000000,64.6945287319,0.3872418177,54.6159863423,0.0000000000
