model,arch,format,kv,tok_s,decode_tok_s,gen_tok_s,prefill_tok_s,prefill_ms,ttft_ms,artifact_bytes,status,reason
LFM2.5-350M.bf16.hfq,lfm2,q8f16,q8,100.0,,,,1291.0,,382139776,pass,;
LFM2.5-350M.bf16.hfq,lfm2,hfq4,q8,153.85,,,,287.0,,229506432,pass,;
LFM2.5-350M.bf16.hfq,lfm2,hfq6,q8,121.95,,,,1642.0,,301333888,pass,;
LFM2.5-350M.bf16.hfq,lfm2,mq3,q8,169.49,,,,543.0,,193592704,fail,daemon speed anchor returned empty; zero-token; or replacement-character output;
LFM2.5-350M.bf16.hfq,lfm2,mq4,q8,149.53,,,,290.0,,229506432,pass,;
LFM2.5-350M.bf16.hfq,lfm2,mq6,q8,111.11,,,,1701.0,,301333888,pass,;
LFM2.5-350M.bf16.hfq,lfm2,oq4,q8,135.14,,,,82.0,,222772608,pass,;
LFM2.5-350M.bf16.hfq,lfm2,oq8,q8,0.0,,,,270.0,,366427520,fail,daemon speed anchor returned empty; zero-token; or replacement-character output;
qwen3.5-0.8b.bf16.hfq,qwen,q8f16,q8,33.1,38.8,38.8,836.7,286.9,286.9,814229120,pass,;
qwen3.5-0.8b.bf16.hfq,qwen,q8f16,asym4,32.8,38.7,38.7,808.7,296.8,296.8,814229120,pass,;
qwen3.5-0.8b.bf16.hfq,qwen,q8f16,asym3,33.4,39.3,39.3,835.3,287.3,287.3,814229120,pass,;
qwen3.5-0.8b.bf16.hfq,qwen,q8f16,asym2,33.0,38.8,38.8,823.4,291.5,291.5,814229120,pass,;
qwen3.5-0.8b.bf16.hfq,qwen,hfq4,q8,51.1,59.8,59.8,1319.0,182.0,182.0,549871232,pass,;
qwen3.5-0.8b.bf16.hfq,qwen,hfq4,asym4,50.4,59.1,59.1,1285.2,186.7,186.7,549871232,pass,;
qwen3.5-0.8b.bf16.hfq,qwen,hfq4,asym3,52.1,60.6,60.6,1389.9,172.7,172.7,549871232,pass,;
qwen3.5-0.8b.bf16.hfq,qwen,hfq4,asym2,50.8,58.9,58.9,1376.4,174.4,174.4,549871232,pass,;
qwen3.5-0.8b.bf16.hfq,qwen,hfq6,q8,40.8,49.3,49.3,893.1,268.7,268.7,674274944,pass,;
qwen3.5-0.8b.bf16.hfq,qwen,hfq6,asym4,40.5,48.9,48.9,889.3,269.9,269.9,674274944,pass,;
qwen3.5-0.8b.bf16.hfq,qwen,hfq6,asym3,41.2,49.8,49.8,896.6,267.7,267.7,674274944,pass,;
qwen3.5-0.8b.bf16.hfq,qwen,hfq6,asym2,40.4,48.8,48.8,882.6,271.9,271.9,674274944,pass,;
qwen3.5-0.8b.bf16.hfq,qwen,mq3,q8,53.8,64.4,64.4,1223.4,196.2,196.2,487669376,pass,;
qwen3.5-0.8b.bf16.hfq,qwen,mq3,asym4,53.5,63.6,63.6,1269.3,189.1,189.1,487669376,pass,;
qwen3.5-0.8b.bf16.hfq,qwen,mq3,asym3,54.5,65.2,65.2,1241.1,193.4,193.4,487669376,pass,;
qwen3.5-0.8b.bf16.hfq,qwen,mq3,asym2,45.7,65.8,65.8,1200.0,200.0,200.0,487669376,pass,;
qwen3.5-0.8b.bf16.hfq,qwen,mq4,q8,50.5,59.4,59.4,1276.1,188.1,188.1,549871232,pass,;
qwen3.5-0.8b.bf16.hfq,qwen,mq4,asym4,50.1,58.7,58.7,1277.5,187.9,187.9,549871232,pass,;
qwen3.5-0.8b.bf16.hfq,qwen,mq4,asym3,51.2,59.8,59.8,1343.2,178.7,178.7,549871232,pass,;
qwen3.5-0.8b.bf16.hfq,qwen,mq4,asym2,50.1,58.5,58.5,1312.4,182.9,182.9,549871232,pass,;
qwen3.5-0.8b.bf16.hfq,qwen,mq6,q8,40.7,49.2,49.2,891.0,269.3,269.3,674274944,pass,;
qwen3.5-0.8b.bf16.hfq,qwen,mq6,asym4,40.2,48.5,48.5,881.8,272.2,272.2,674274944,pass,;
qwen3.5-0.8b.bf16.hfq,qwen,mq6,asym3,40.9,49.5,49.5,884.9,271.2,271.2,674274944,pass,;
qwen3.5-0.8b.bf16.hfq,qwen,mq6,asym2,40.2,48.6,48.6,876.4,273.9,273.9,674274944,pass,;
qwen3.5-0.8b.bf16.hfq,qwen,oq4,q8,50.5,59.5,59.5,1256.0,191.1,191.1,538208384,pass,;
qwen3.5-0.8b.bf16.hfq,qwen,oq4,asym4,50.0,58.8,58.8,1249.5,192.1,192.1,538208384,pass,;
qwen3.5-0.8b.bf16.hfq,qwen,oq4,asym3,51.3,60.1,60.1,1311.3,183.0,183.0,538208384,pass,;
qwen3.5-0.8b.bf16.hfq,qwen,oq4,asym2,50.2,58.9,58.9,1276.4,188.0,188.0,538208384,pass,;
qwen3.5-0.8b.bf16.hfq,qwen,oq8,q8,12.0,43.1,43.1,62.2,3860.2,3860.2,787015808,pass,;
qwen3.5-0.8b.bf16.hfq,qwen,oq8,asym4,11.9,42.7,42.7,61.6,3899.1,3899.1,787015808,pass,;
qwen3.5-0.8b.bf16.hfq,qwen,oq8,asym3,12.1,43.5,43.5,62.8,3822.5,3822.5,787015808,pass,;
qwen3.5-0.8b.bf16.hfq,qwen,oq8,asym2,11.9,42.7,42.7,61.7,3892.6,3892.6,787015808,pass,;
llama-3.2-1b-instruct.bf16.hfq,llama,q8f16,q8,18.76028226521368,18.76028226521368,18.76028226521368,464.19883182791375,527.791074,528.090588,1323499520,pass,;
llama-3.2-1b-instruct.bf16.hfq,llama,q8f16,fp32,18.52129101537327,18.52129101537327,18.52129101537327,18.808612718916255,13025.947403,13026.24328,1323499520,pass,;
llama-3.2-1b-instruct.bf16.hfq,llama,hfq4,q8,24.17792855563855,24.17792855563855,24.17792855563855,1001.8899734245616,244.53783,244.837655,806551552,pass,;
llama-3.2-1b-instruct.bf16.hfq,llama,hfq4,fp32,24.2975363377116,24.2975363377116,24.2975363377116,24.828982304822013,9867.500689,9867.790054,806551552,pass,;
llama-3.2-1b-instruct.bf16.hfq,llama,hfq6,q8,21.258608982621674,21.258608982621674,21.258608982621674,552.2982769035418,443.600877,443.9136370000001,1049821184,pass,;
llama-3.2-1b-instruct.bf16.hfq,llama,hfq6,fp32,14.380131009653295,14.380131009653295,14.380131009653295,17.112491986322155,14317.026427,14317.329949,1049821184,pass,;
llama-3.2-1b-instruct.bf16.hfq,llama,mq3,q8,17.968003907151434,17.968003907151434,17.968003907151434,20.315640821133343,12059.673734,12059.963429,684916736,pass,;
llama-3.2-1b-instruct.bf16.hfq,llama,mq3,fp32,15.857677656224515,15.857677656224515,15.857677656224515,17.018988320269894,14395.685301,14396.023832,684916736,pass,;
llama-3.2-1b-instruct.bf16.hfq,llama,mq4,q8,24.563763073686765,24.563763073686765,24.563763073686765,987.6679975392152,248.059065,248.426122,806551552,pass,;
llama-3.2-1b-instruct.bf16.hfq,llama,mq4,fp32,14.61851150023544,14.61851150023544,14.61851150023544,16.61346926892865,14747.070346,14747.414338,806551552,pass,;
llama-3.2-1b-instruct.bf16.hfq,llama,mq6,q8,,,,,,,1049821184,fail,daemon load failed for speed eval model /home/sadara/.hipfire/models/matrix/llama-3.2-1b-instruct.mq6.hfq: daemon stdout closed unexpectedly;
llama-3.2-1b-instruct.bf16.hfq,llama,mq6,fp32,,,,,,,1049821184,fail,daemon load failed for speed eval model /home/sadara/.hipfire/models/matrix/llama-3.2-1b-instruct.mq6.hfq: daemon stdout closed unexpectedly;
llama-3.2-1b-instruct.bf16.hfq,llama,oq4,q8,,,,,,,783745024,fail,daemon load failed for speed eval model /home/sadara/.hipfire/models/matrix/llama-3.2-1b-instruct.oq4.hfq: daemon stdout closed unexpectedly;
llama-3.2-1b-instruct.bf16.hfq,llama,oq4,fp32,,,,,,,783745024,fail,daemon load failed for speed eval model /home/sadara/.hipfire/models/matrix/llama-3.2-1b-instruct.oq4.hfq: daemon stdout closed unexpectedly;
llama-3.2-1b-instruct.bf16.hfq,llama,oq8,q8,,,,,,,1270284288,fail,daemon load failed for speed eval model /home/sadara/.hipfire/models/matrix/llama-3.2-1b-instruct.oq8.hfq: daemon stdout closed unexpectedly;
llama-3.2-1b-instruct.bf16.hfq,llama,oq8,fp32,,,,,,,1270284288,fail,daemon load failed for speed eval model /home/sadara/.hipfire/models/matrix/llama-3.2-1b-instruct.oq8.hfq: daemon stdout closed unexpectedly;
qwen3.5-2b.bf16.hfq,qwen,q8f16,q8,15.1,18.0,18.0,348.0,689.6,689.6,2014297728,pass,;
qwen3.5-2b.bf16.hfq,qwen,q8f16,asym4,15.0,18.0,18.0,344.6,696.5,696.5,2014297728,pass,;
qwen3.5-2b.bf16.hfq,qwen,q8f16,asym3,15.1,18.0,18.0,345.2,695.2,695.2,2014297728,pass,;
qwen3.5-2b.bf16.hfq,qwen,q8f16,asym2,15.0,17.9,17.9,343.4,698.9,698.9,2014297728,pass,;
qwen3.5-2b.bf16.hfq,qwen,hfq4,q8,,,,,,,1285041792,fail,daemon-backed speed executor failed: daemon stdout closed unexpectedly;
qwen3.5-2b.bf16.hfq,qwen,hfq4,asym4,24.8,28.4,28.4,729.3,329.1,329.1,1285041792,pass,;
qwen3.5-2b.bf16.hfq,qwen,hfq4,asym3,,,,,,,1285041792,fail,daemon-backed speed executor failed: daemon stdout closed unexpectedly;
qwen3.5-2b.bf16.hfq,qwen,hfq4,asym2,24.8,28.4,28.4,728.0,329.7,329.7,1285041792,pass,;
qwen3.5-2b.bf16.hfq,qwen,hfq6,q8,18.3,22.1,22.1,395.6,606.7,606.7,1628221056,pass,;
qwen3.5-2b.bf16.hfq,qwen,hfq6,asym4,18.2,22.0,22.0,397.0,604.6,604.6,1628221056,pass,;
qwen3.5-2b.bf16.hfq,qwen,hfq6,asym3,18.3,22.1,22.1,397.8,603.4,603.4,1628221056,pass,;
qwen3.5-2b.bf16.hfq,qwen,hfq6,asym2,18.2,21.9,21.9,395.2,607.4,607.4,1628221056,pass,;
qwen3.5-2b.bf16.hfq,qwen,mq3,q8,26.6,32.0,32.0,581.3,412.9,412.9,1113452160,pass,;
qwen3.5-2b.bf16.hfq,qwen,mq3,asym4,26.3,31.9,31.9,564.9,424.9,424.9,1113452160,pass,;
qwen3.5-2b.bf16.hfq,qwen,mq3,asym3,26.7,32.2,32.2,585.1,410.2,410.2,1113452160,pass,;
qwen3.5-2b.bf16.hfq,qwen,mq3,asym2,26.4,31.8,31.8,577.6,415.5,415.5,1113452160,pass,;
qwen3.5-2b.bf16.hfq,qwen,mq4,q8,24.8,28.5,28.5,724.7,331.2,331.2,1285041792,pass,;
qwen3.5-2b.bf16.hfq,qwen,mq4,asym4,24.6,28.3,28.3,713.3,336.4,336.4,1285041792,pass,;
qwen3.5-2b.bf16.hfq,qwen,mq4,asym3,24.9,28.6,28.6,716.3,335.1,335.1,1285041792,pass,;
qwen3.5-2b.bf16.hfq,qwen,mq4,asym2,24.6,28.3,28.3,713.5,336.4,336.4,1285041792,pass,;
qwen3.5-2b.bf16.hfq,qwen,mq6,q8,18.2,22.0,22.0,397.6,603.6,603.6,1628221056,pass,;
qwen3.5-2b.bf16.hfq,qwen,mq6,asym4,18.1,21.9,21.9,391.3,613.3,613.3,1628221056,pass,;
qwen3.5-2b.bf16.hfq,qwen,mq6,asym3,18.2,22.0,22.0,395.2,607.3,607.3,1628221056,pass,;
qwen3.5-2b.bf16.hfq,qwen,mq6,asym2,18.1,21.9,21.9,393.7,609.6,609.6,1628221056,pass,;
qwen3.5-2b.bf16.hfq,qwen,oq4,q8,23.1,27.7,27.7,512.9,468.0,468.0,1252868736,pass,;
qwen3.5-2b.bf16.hfq,qwen,oq4,asym4,23.0,27.6,27.6,514.8,466.2,466.2,1252868736,pass,;
qwen3.5-2b.bf16.hfq,qwen,oq4,asym3,23.3,28.0,28.0,526.6,455.7,455.7,1252868736,pass,;
qwen3.5-2b.bf16.hfq,qwen,oq4,asym2,22.8,27.5,27.5,502.8,477.3,477.3,1252868736,pass,;
qwen3.5-2b.bf16.hfq,qwen,oq8,q8,4.9,18.7,18.7,25.2,9536.1,9536.1,1939227264,pass,;
qwen3.5-2b.bf16.hfq,qwen,oq8,asym4,4.9,18.6,18.6,25.1,9574.8,9574.8,1939227264,pass,;
qwen3.5-2b.bf16.hfq,qwen,oq8,asym3,4.9,18.7,18.7,25.2,9539.0,9539.0,1939227264,pass,;
qwen3.5-2b.bf16.hfq,qwen,oq8,asym2,4.8,17.0,17.0,25.1,9574.6,9574.6,1939227264,pass,;
qwen3.6-35b-a3b.bf16.hfq,qwen,q8f16,q8,,,,,,,0,quant_fail,HFQ input pipeline failed: open HFQ input: HFQM tensor model.language_model.layers.11.mlp.experts.135.gate_up_proj.weight range 8209716352..8213910656 exceeds file size 8210918400;
qwen3.6-35b-a3b.bf16.hfq,qwen,q8f16,asym4,,,,,,,0,quant_fail,HFQ input pipeline failed: open HFQ input: HFQM tensor model.language_model.layers.11.mlp.experts.135.gate_up_proj.weight range 8209716352..8213910656 exceeds file size 8210918400;
qwen3.6-35b-a3b.bf16.hfq,qwen,q8f16,asym3,,,,,,,0,quant_fail,HFQ input pipeline failed: open HFQ input: HFQM tensor model.language_model.layers.11.mlp.experts.135.gate_up_proj.weight range 8209716352..8213910656 exceeds file size 8210918400;
qwen3.6-35b-a3b.bf16.hfq,qwen,q8f16,asym2,,,,,,,0,quant_fail,HFQ input pipeline failed: open HFQ input: HFQM tensor model.language_model.layers.11.mlp.experts.135.gate_up_proj.weight range 8209716352..8213910656 exceeds file size 8210918400;
qwen3.6-35b-a3b.bf16.hfq,qwen,hfq4,q8,,,,,,,0,quant_fail,HFQ input pipeline failed: open HFQ input: HFQM tensor model.language_model.layers.11.mlp.experts.135.gate_up_proj.weight range 8209716352..8213910656 exceeds file size 8210918400;
qwen3.6-35b-a3b.bf16.hfq,qwen,hfq4,asym4,,,,,,,0,quant_fail,HFQ input pipeline failed: open HFQ input: HFQM tensor model.language_model.layers.11.mlp.experts.135.gate_up_proj.weight range 8209716352..8213910656 exceeds file size 8210918400;
qwen3.6-35b-a3b.bf16.hfq,qwen,hfq4,asym3,,,,,,,0,quant_fail,HFQ input pipeline failed: open HFQ input: HFQM tensor model.language_model.layers.11.mlp.experts.135.gate_up_proj.weight range 8209716352..8213910656 exceeds file size 8210918400;
qwen3.6-35b-a3b.bf16.hfq,qwen,hfq4,asym2,,,,,,,0,quant_fail,HFQ input pipeline failed: open HFQ input: HFQM tensor model.language_model.layers.11.mlp.experts.135.gate_up_proj.weight range 8209716352..8213910656 exceeds file size 8210918400;
qwen3.6-35b-a3b.bf16.hfq,qwen,hfq6,q8,,,,,,,0,quant_fail,HFQ input pipeline failed: open HFQ input: HFQM tensor model.language_model.layers.11.mlp.experts.135.gate_up_proj.weight range 8209716352..8213910656 exceeds file size 8210918400;
qwen3.6-35b-a3b.bf16.hfq,qwen,hfq6,asym4,,,,,,,0,quant_fail,HFQ input pipeline failed: open HFQ input: HFQM tensor model.language_model.layers.11.mlp.experts.135.gate_up_proj.weight range 8209716352..8213910656 exceeds file size 8210918400;
qwen3.6-35b-a3b.bf16.hfq,qwen,hfq6,asym3,,,,,,,0,quant_fail,HFQ input pipeline failed: open HFQ input: HFQM tensor model.language_model.layers.11.mlp.experts.135.gate_up_proj.weight range 8209716352..8213910656 exceeds file size 8210918400;
qwen3.6-35b-a3b.bf16.hfq,qwen,hfq6,asym2,,,,,,,0,quant_fail,HFQ input pipeline failed: open HFQ input: HFQM tensor model.language_model.layers.11.mlp.experts.135.gate_up_proj.weight range 8209716352..8213910656 exceeds file size 8210918400;
qwen3.6-35b-a3b.bf16.hfq,qwen,mq3,q8,,,,,,,0,quant_fail,HFQ input pipeline failed: open HFQ input: HFQM tensor model.language_model.layers.11.mlp.experts.135.gate_up_proj.weight range 8209716352..8213910656 exceeds file size 8210918400;
qwen3.6-35b-a3b.bf16.hfq,qwen,mq3,asym4,,,,,,,0,quant_fail,HFQ input pipeline failed: open HFQ input: HFQM tensor model.language_model.layers.11.mlp.experts.135.gate_up_proj.weight range 8209716352..8213910656 exceeds file size 8210918400;
qwen3.6-35b-a3b.bf16.hfq,qwen,mq3,asym3,,,,,,,0,quant_fail,HFQ input pipeline failed: open HFQ input: HFQM tensor model.language_model.layers.11.mlp.experts.135.gate_up_proj.weight range 8209716352..8213910656 exceeds file size 8210918400;
qwen3.6-35b-a3b.bf16.hfq,qwen,mq3,asym2,,,,,,,0,quant_fail,HFQ input pipeline failed: open HFQ input: HFQM tensor model.language_model.layers.11.mlp.experts.135.gate_up_proj.weight range 8209716352..8213910656 exceeds file size 8210918400;
qwen3.6-35b-a3b.bf16.hfq,qwen,mq4,q8,,,,,,,0,quant_fail,HFQ input pipeline failed: open HFQ input: HFQM tensor model.language_model.layers.11.mlp.experts.135.gate_up_proj.weight range 8209716352..8213910656 exceeds file size 8210918400;
qwen3.6-35b-a3b.bf16.hfq,qwen,mq4,asym4,,,,,,,0,quant_fail,HFQ input pipeline failed: open HFQ input: HFQM tensor model.language_model.layers.11.mlp.experts.135.gate_up_proj.weight range 8209716352..8213910656 exceeds file size 8210918400;
qwen3.6-35b-a3b.bf16.hfq,qwen,mq4,asym3,,,,,,,0,quant_fail,HFQ input pipeline failed: open HFQ input: HFQM tensor model.language_model.layers.11.mlp.experts.135.gate_up_proj.weight range 8209716352..8213910656 exceeds file size 8210918400;
qwen3.6-35b-a3b.bf16.hfq,qwen,mq4,asym2,,,,,,,0,quant_fail,HFQ input pipeline failed: open HFQ input: HFQM tensor model.language_model.layers.11.mlp.experts.135.gate_up_proj.weight range 8209716352..8213910656 exceeds file size 8210918400;
qwen3.6-35b-a3b.bf16.hfq,qwen,mq6,q8,,,,,,,0,quant_fail,HFQ input pipeline failed: open HFQ input: HFQM tensor model.language_model.layers.11.mlp.experts.135.gate_up_proj.weight range 8209716352..8213910656 exceeds file size 8210918400;
qwen3.6-35b-a3b.bf16.hfq,qwen,mq6,asym4,,,,,,,0,quant_fail,HFQ input pipeline failed: open HFQ input: HFQM tensor model.language_model.layers.11.mlp.experts.135.gate_up_proj.weight range 8209716352..8213910656 exceeds file size 8210918400;
qwen3.6-35b-a3b.bf16.hfq,qwen,mq6,asym3,,,,,,,0,quant_fail,HFQ input pipeline failed: open HFQ input: HFQM tensor model.language_model.layers.11.mlp.experts.135.gate_up_proj.weight range 8209716352..8213910656 exceeds file size 8210918400;
qwen3.6-35b-a3b.bf16.hfq,qwen,mq6,asym2,,,,,,,0,quant_fail,HFQ input pipeline failed: open HFQ input: HFQM tensor model.language_model.layers.11.mlp.experts.135.gate_up_proj.weight range 8209716352..8213910656 exceeds file size 8210918400;
qwen3.6-35b-a3b.bf16.hfq,qwen,oq4,q8,,,,,,,0,quant_fail,HFQ input pipeline failed: open HFQ input: HFQM tensor model.language_model.layers.11.mlp.experts.135.gate_up_proj.weight range 8209716352..8213910656 exceeds file size 8210918400;
qwen3.6-35b-a3b.bf16.hfq,qwen,oq4,asym4,,,,,,,0,quant_fail,HFQ input pipeline failed: open HFQ input: HFQM tensor model.language_model.layers.11.mlp.experts.135.gate_up_proj.weight range 8209716352..8213910656 exceeds file size 8210918400;
qwen3.6-35b-a3b.bf16.hfq,qwen,oq4,asym3,,,,,,,0,quant_fail,HFQ input pipeline failed: open HFQ input: HFQM tensor model.language_model.layers.11.mlp.experts.135.gate_up_proj.weight range 8209716352..8213910656 exceeds file size 8210918400;
qwen3.6-35b-a3b.bf16.hfq,qwen,oq4,asym2,,,,,,,0,quant_fail,HFQ input pipeline failed: open HFQ input: HFQM tensor model.language_model.layers.11.mlp.experts.135.gate_up_proj.weight range 8209716352..8213910656 exceeds file size 8210918400;
qwen3.6-35b-a3b.bf16.hfq,qwen,oq8,q8,,,,,,,0,quant_fail,HFQ input pipeline failed: open HFQ input: HFQM tensor model.language_model.layers.11.mlp.experts.135.gate_up_proj.weight range 8209716352..8213910656 exceeds file size 8210918400;
qwen3.6-35b-a3b.bf16.hfq,qwen,oq8,asym4,,,,,,,0,quant_fail,HFQ input pipeline failed: open HFQ input: HFQM tensor model.language_model.layers.11.mlp.experts.135.gate_up_proj.weight range 8209716352..8213910656 exceeds file size 8210918400;
qwen3.6-35b-a3b.bf16.hfq,qwen,oq8,asym3,,,,,,,0,quant_fail,HFQ input pipeline failed: open HFQ input: HFQM tensor model.language_model.layers.11.mlp.experts.135.gate_up_proj.weight range 8209716352..8213910656 exceeds file size 8210918400;
qwen3.6-35b-a3b.bf16.hfq,qwen,oq8,asym2,,,,,,,0,quant_fail,HFQ input pipeline failed: open HFQ input: HFQM tensor model.language_model.layers.11.mlp.experts.135.gate_up_proj.weight range 8209716352..8213910656 exceeds file size 8210918400;
qwen3.5-4b.bf16.hfq,qwen,q8f16,q8,6.9,8.5,8.5,138.4,1734.4,1734.4,4483864576,pass,;
qwen3.5-4b.bf16.hfq,qwen,q8f16,asym4,6.2,7.7,7.7,126.1,1902.7,1902.7,4483864576,pass,;
qwen3.5-4b.bf16.hfq,qwen,q8f16,asym3,5.8,7.0,7.0,125.7,1908.6,1908.6,4483864576,pass,;
qwen3.5-4b.bf16.hfq,qwen,q8f16,asym2,4.2,4.9,4.9,105.5,2275.6,2275.6,4483864576,pass,;
qwen3.5-4b.bf16.hfq,qwen,hfq4,q8,12.1,14.1,14.1,321.5,746.5,746.5,2587785216,pass,;
qwen3.5-4b.bf16.hfq,qwen,hfq4,asym4,,,,,,,2587785216,fail,daemon-backed speed executor failed: daemon stdout closed unexpectedly;
qwen3.5-4b.bf16.hfq,qwen,hfq4,asym3,,,,,,,2587785216,fail,[chat_template] using HFQ-embedded tokenizer_config.chat_template;
qwen3.5-4b.bf16.hfq,qwen,hfq4,asym2,,,,,,,2587785216,fail,[chat_template] using HFQ-embedded tokenizer_config.chat_template;
qwen3.5-4b.bf16.hfq,qwen,hfq6,q8,8.2,10.2,10.2,163.4,1468.6,1468.6,3480057856,pass,;
qwen3.5-4b.bf16.hfq,qwen,hfq6,asym4,8.2,10.1,10.1,162.4,1478.0,1478.0,3480057856,pass,;
qwen3.5-4b.bf16.hfq,qwen,hfq6,asym3,8.2,10.2,10.2,163.3,1469.5,1469.5,3480057856,pass,;
qwen3.5-4b.bf16.hfq,qwen,hfq6,asym2,8.2,10.1,10.1,162.6,1476.3,1476.3,3480057856,pass,;
qwen3.5-4b.bf16.hfq,qwen,mq3,q8,13.0,16.5,16.5,232.0,1034.5,1034.5,2141648896,pass,;
qwen3.5-4b.bf16.hfq,qwen,mq3,asym4,13.0,16.5,16.5,230.3,1042.3,1042.3,2141648896,pass,;
qwen3.5-4b.bf16.hfq,qwen,mq3,asym3,13.1,16.6,16.6,231.8,1035.2,1035.2,2141648896,pass,;
qwen3.5-4b.bf16.hfq,qwen,mq3,asym2,13.0,16.5,16.5,231.6,1036.3,1036.3,2141648896,pass,;
qwen3.5-4b.bf16.hfq,qwen,mq4,q8,12.1,14.1,14.1,322.2,744.9,744.9,2587785216,pass,;
qwen3.5-4b.bf16.hfq,qwen,mq4,asym4,12.1,14.1,14.1,317.3,756.5,756.5,2587785216,pass,;
qwen3.5-4b.bf16.hfq,qwen,mq4,asym3,12.2,14.2,14.2,323.5,741.8,741.8,2587785216,pass,;
qwen3.5-4b.bf16.hfq,qwen,mq4,asym2,12.1,14.1,14.1,315.6,760.5,760.5,2587785216,pass,;
qwen3.5-4b.bf16.hfq,qwen,mq6,q8,8.2,10.1,10.1,162.6,1476.4,1476.4,3480057856,pass,;
qwen3.5-4b.bf16.hfq,qwen,mq6,asym4,8.2,10.1,10.1,161.3,1487.9,1487.9,3480057856,pass,;
qwen3.5-4b.bf16.hfq,qwen,mq6,asym3,8.2,10.2,10.2,159.7,1503.2,1503.2,3480057856,pass,;
qwen3.5-4b.bf16.hfq,qwen,mq6,asym2,8.2,10.1,10.1,161.7,1483.9,1483.9,3480057856,pass,;
qwen3.5-4b.bf16.hfq,qwen,oq4,q8,11.7,13.9,13.9,278.2,862.7,862.7,2504134656,pass,;
qwen3.5-4b.bf16.hfq,qwen,oq4,asym4,,,,,,,2504134656,fail,daemon-backed speed executor failed: daemon stdout closed unexpectedly;
qwen3.5-4b.bf16.hfq,qwen,oq4,asym3,11.8,14.1,14.1,272.3,881.3,881.3,2504134656,pass,;
qwen3.5-4b.bf16.hfq,qwen,oq4,asym2,11.7,14.0,14.0,271.3,884.5,884.5,2504134656,pass,;
qwen3.5-4b.bf16.hfq,qwen,oq8,q8,2.0,8.5,8.5,9.9,24164.3,24164.3,4288679936,pass,;
qwen3.5-4b.bf16.hfq,qwen,oq8,asym4,1.3,5.0,5.0,6.7,35904.7,35904.7,4288679936,pass,;
qwen3.5-4b.bf16.hfq,qwen,oq8,asym3,1.1,4.4,4.4,5.4,44441.7,44441.7,4288679936,pass,;
qwen3.5-4b.bf16.hfq,qwen,oq8,asym2,1.0,4.1,4.1,5.0,48324.3,48324.3,4288679936,pass,;
qwen3.5-9b.bf16.hfq,qwen,q8f16,q8,3.2,4.3,4.3,49.2,4882.2,4882.2,9528763392,pass,;
qwen3.5-9b.bf16.hfq,qwen,q8f16,asym4,1.8,2.2,2.2,41.7,5754.0,5754.0,9528763392,pass,;
qwen3.5-9b.bf16.hfq,qwen,q8f16,asym3,1.6,2.0,2.0,33.9,7085.5,7085.5,9528763392,pass,;
qwen3.5-9b.bf16.hfq,qwen,q8f16,asym2,1.6,1.9,1.9,33.0,7276.7,7276.7,9528763392,pass,;
qwen3.5-9b.bf16.hfq,qwen,hfq4,q8,,,,,,,5312963584,fail,daemon-backed speed executor failed: daemon stdout closed unexpectedly;
qwen3.5-9b.bf16.hfq,qwen,hfq4,asym4,7.8,9.1,9.1,202.2,1186.7,1186.7,5312963584,pass,;
qwen3.5-9b.bf16.hfq,qwen,hfq4,asym3,7.8,9.1,9.1,203.7,1178.2,1178.2,5312963584,pass,;
qwen3.5-9b.bf16.hfq,qwen,hfq4,asym2,7.8,9.1,9.1,203.6,1178.8,1178.8,5312963584,pass,;
qwen3.5-9b.bf16.hfq,qwen,hfq6,q8,4.5,5.7,5.7,77.8,3083.9,3083.9,7296869376,pass,;
qwen3.5-9b.bf16.hfq,qwen,hfq6,asym4,3.9,4.6,4.6,93.6,2564.9,2564.9,7296869376,pass,;
qwen3.5-9b.bf16.hfq,qwen,hfq6,asym3,2.7,3.2,3.2,63.6,3771.4,3771.4,7296869376,pass,;
qwen3.5-9b.bf16.hfq,qwen,hfq6,asym2,2.4,2.9,2.9,48.3,4969.3,4969.3,7296869376,pass,;
qwen3.5-9b.bf16.hfq,qwen,mq3,q8,8.2,11.4,11.4,111.1,2160.8,2160.8,4321010688,pass,;
qwen3.5-9b.bf16.hfq,qwen,mq3,asym4,8.4,11.4,11.4,116.9,2053.8,2053.8,4321010688,pass,;
qwen3.5-9b.bf16.hfq,qwen,mq3,asym3,8.4,11.5,11.5,119.0,2017.4,2017.4,4321010688,pass,;
qwen3.5-9b.bf16.hfq,qwen,mq3,asym2,8.1,11.0,11.0,118.9,2018.4,2018.4,4321010688,pass,;
qwen3.5-9b.bf16.hfq,qwen,mq4,q8,7.7,9.0,9.0,197.9,1212.9,1212.9,5312963584,pass,;
qwen3.5-9b.bf16.hfq,qwen,mq4,asym4,,,,,,,5312963584,fail,daemon-backed speed executor failed: daemon stdout closed unexpectedly;
qwen3.5-9b.bf16.hfq,qwen,mq4,asym3,7.8,9.1,9.1,201.8,1189.2,1189.2,5312963584,pass,;
qwen3.5-9b.bf16.hfq,qwen,mq4,asym2,7.7,9.0,9.0,201.0,1193.9,1193.9,5312963584,pass,;
qwen3.5-9b.bf16.hfq,qwen,mq6,q8,4.4,5.7,5.7,76.0,3157.5,3157.5,7296869376,pass,;
qwen3.5-9b.bf16.hfq,qwen,mq6,asym4,4.5,5.6,5.6,88.7,2707.1,2707.1,7296869376,pass,;
qwen3.5-9b.bf16.hfq,qwen,mq6,asym3,3.1,3.8,3.8,69.6,3446.2,3446.2,7296869376,pass,;
qwen3.5-9b.bf16.hfq,qwen,mq6,asym2,2.7,3.2,3.2,59.5,4032.4,4032.4,7296869376,pass,;
qwen3.5-9b.bf16.hfq,qwen,oq4,q8,6.2,8.9,8.9,75.3,3186.4,3186.4,5126972416,pass,;
qwen3.5-9b.bf16.hfq,qwen,oq4,asym4,6.3,8.9,8.9,81.0,2962.4,2962.4,5126972416,pass,;
qwen3.5-9b.bf16.hfq,qwen,oq4,asym3,6.2,8.9,8.9,78.0,3078.8,3078.8,5126972416,pass,;
qwen3.5-9b.bf16.hfq,qwen,oq4,asym2,6.4,8.9,8.9,84.2,2849.9,2849.9,5126972416,pass,;
qwen3.5-9b.bf16.hfq,qwen,oq8,q8,0.9,2.9,2.9,4.5,53105.5,53105.5,9094784000,pass,;
qwen3.5-9b.bf16.hfq,qwen,oq8,asym4,0.6,2.3,2.3,2.8,86470.4,86470.4,9094784000,pass,;
qwen3.5-9b.bf16.hfq,qwen,oq8,asym3,0.5,2.1,2.1,2.5,95331.9,95331.9,9094784000,pass,;
qwen3.5-9b.bf16.hfq,qwen,oq8,asym2,0.5,2.1,2.1,2.4,100079.1,100079.1,9094784000,pass,;
qwen3.6-27b.bf16.hfq,qwen,q8f16,q8,0.7,0.9,0.9,12.3,19473.7,19473.7,28593863680,pass,;
qwen3.6-27b.bf16.hfq,qwen,q8f16,asym4,0.6,0.7,0.7,10.5,22955.9,22955.9,28593863680,pass,;
qwen3.6-27b.bf16.hfq,qwen,q8f16,asym3,0.6,0.7,0.7,10.1,23714.0,23714.0,28593863680,pass,;
qwen3.6-27b.bf16.hfq,qwen,q8f16,asym2,0.6,0.7,0.7,10.3,23401.8,23401.8,28593863680,pass,;
qwen3.6-27b.bf16.hfq,qwen,hfq4,q8,,,,,,,14982200320,fail,[chat_template] using HFQ-embedded tokenizer_config.chat_template;
qwen3.6-27b.bf16.hfq,qwen,hfq4,asym4,2.5,2.9,2.9,61.3,3912.4,3912.4,14982200320,pass,;
qwen3.6-27b.bf16.hfq,qwen,hfq4,asym3,2.2,2.5,2.5,61.9,3877.6,3877.6,14982200320,pass,;
qwen3.6-27b.bf16.hfq,qwen,hfq4,asym2,1.4,1.6,1.6,60.6,3961.6,3961.6,14982200320,pass,;
qwen3.6-27b.bf16.hfq,qwen,hfq6,q8,1.5,2.0,2.0,21.1,11400.3,11400.3,21387688960,pass,;
qwen3.6-27b.bf16.hfq,qwen,hfq6,asym4,0.8,1.0,1.0,14.6,16453.0,16453.0,21387688960,pass,;
qwen3.6-27b.bf16.hfq,qwen,hfq6,asym3,0.8,1.0,1.0,13.6,17607.5,17607.5,21387688960,pass,;
qwen3.6-27b.bf16.hfq,qwen,hfq6,asym2,0.8,0.9,0.9,13.8,17353.1,17353.1,21387688960,pass,;
qwen3.6-27b.bf16.hfq,qwen,mq3,q8,2.3,3.6,3.6,22.3,10759.4,10759.4,11779456000,pass,;
qwen3.6-27b.bf16.hfq,qwen,mq3,asym4,1.7,2.4,2.4,23.9,10045.4,10045.4,11779456000,pass,;
qwen3.6-27b.bf16.hfq,qwen,mq3,asym3,1.3,1.7,1.7,20.0,12023.7,12023.7,11779456000,pass,;
qwen3.6-27b.bf16.hfq,qwen,mq3,asym2,1.2,1.6,1.6,19.4,12398.7,12398.7,11779456000,pass,;
qwen3.6-27b.bf16.hfq,qwen,mq4,q8,2.4,2.9,2.9,61.0,3932.8,3932.8,14982200320,pass,;
qwen3.6-27b.bf16.hfq,qwen,mq4,asym4,1.9,2.1,2.1,60.1,3994.7,3994.7,14982200320,pass,;
qwen3.6-27b.bf16.hfq,qwen,mq4,asym3,1.3,1.5,1.5,60.8,3948.4,3948.4,14982200320,pass,;
qwen3.6-27b.bf16.hfq,qwen,mq4,asym2,1.3,1.4,1.4,60.5,3966.1,3966.1,14982200320,pass,;
qwen3.6-27b.bf16.hfq,qwen,mq6,q8,1.5,2.0,2.0,22.6,10639.3,10639.3,21387688960,pass,;
qwen3.6-27b.bf16.hfq,qwen,mq6,asym4,0.8,1.1,1.1,15.2,15789.8,15789.8,21387688960,pass,;
qwen3.6-27b.bf16.hfq,qwen,mq6,asym3,0.8,1.0,1.0,14.0,17144.9,17144.9,21387688960,pass,;
qwen3.6-27b.bf16.hfq,qwen,mq6,asym2,0.7,0.9,0.9,13.5,17787.4,17787.4,21387688960,pass,;
qwen3.6-27b.bf16.hfq,qwen,oq4,q8,2.3,3.7,3.7,23.7,10147.3,10147.3,14381685760,pass,;
qwen3.6-27b.bf16.hfq,qwen,oq4,asym4,2.3,3.7,3.7,23.7,10140.4,10140.4,14381685760,pass,;
qwen3.6-27b.bf16.hfq,qwen,oq4,asym3,2.2,3.4,3.4,23.7,10107.3,10107.3,14381685760,pass,;
qwen3.6-27b.bf16.hfq,qwen,oq4,asym2,1.8,2.5,2.5,23.7,10125.6,10125.6,14381685760,pass,;
qwen3.6-27b.bf16.hfq,qwen,oq8,q8,0.2,0.9,0.9,1.0,230245.0,230245.0,27192663040,pass,;
qwen3.6-27b.bf16.hfq,qwen,oq8,asym4,0.2,0.9,0.9,1.0,245048.3,245048.3,27192663040,pass,;
qwen3.6-27b.bf16.hfq,qwen,oq8,asym3,0.2,0.9,0.9,0.9,255346.1,255346.1,27192663040,pass,;
qwen3.6-27b.bf16.hfq,qwen,oq8,asym2,0.2,0.9,0.9,0.9,258884.7,258884.7,27192663040,pass,;
LFM2.5-350M.bf16.hfq,lfm2,oq4+,q8,0.0,,,,83.0,,223079808,fail,daemon speed anchor returned empty; zero-token; or replacement-character output;
LFM2.5-350M.bf16.hfq,lfm2,oq4++,q8,0.0,,,,84.0,,223079808,fail,daemon speed anchor returned empty; zero-token; or replacement-character output;
LFM2.5-350M.bf16.hfq,lfm2,oq8+,q8,0.0,,,,272.0,,366734720,fail,daemon speed anchor returned empty; zero-token; or replacement-character output;
LFM2.5-350M.bf16.hfq,lfm2,oq8++,q8,94.24,,,,281.0,,366734720,pass,;
qwen3.5-0.8b.bf16.hfq,qwen,oq4+,q8,49.3,58.0,58.0,1239.3,193.7,193.7,538777728,pass,;
qwen3.5-0.8b.bf16.hfq,qwen,oq4+,asym4,48.5,57.0,57.0,1218.9,196.9,196.9,538777728,pass,;
qwen3.5-0.8b.bf16.hfq,qwen,oq4+,asym3,49.9,58.8,58.8,1242.4,193.2,193.2,538777728,pass,;
qwen3.5-0.8b.bf16.hfq,qwen,oq4+,asym2,49.0,57.5,57.5,1242.9,193.1,193.1,538777728,pass,;
qwen3.5-0.8b.bf16.hfq,qwen,oq4++,q8,49.5,58.2,58.2,1242.2,193.2,193.2,538777728,pass,;
qwen3.5-0.8b.bf16.hfq,qwen,oq4++,asym4,48.9,57.5,57.5,1222.8,196.3,196.3,538777728,pass,;
qwen3.5-0.8b.bf16.hfq,qwen,oq4++,asym3,49.9,58.8,58.8,1239.1,193.7,193.7,538777728,pass,;
qwen3.5-0.8b.bf16.hfq,qwen,oq4++,asym2,48.8,57.3,57.3,1231.7,194.9,194.9,538777728,pass,;
qwen3.5-0.8b.bf16.hfq,qwen,oq8+,q8,11.3,41.2,41.2,58.5,4099.4,4099.4,787585152,pass,;
qwen3.5-0.8b.bf16.hfq,qwen,oq8+,asym4,11.2,40.9,40.9,58.1,4133.2,4133.2,787585152,pass,;
qwen3.5-0.8b.bf16.hfq,qwen,oq8+,asym3,11.4,41.6,41.6,59.2,4053.4,4053.4,787585152,pass,;
qwen3.5-0.8b.bf16.hfq,qwen,oq8+,asym2,11.2,40.9,40.9,58.0,4136.6,4136.6,787585152,pass,;
qwen3.5-0.8b.bf16.hfq,qwen,oq8++,q8,11.4,41.3,41.3,58.8,4084.7,4084.7,787585152,pass,;
qwen3.5-0.8b.bf16.hfq,qwen,oq8++,asym4,11.2,40.9,40.9,58.1,4131.6,4131.6,787585152,pass,;
qwen3.5-0.8b.bf16.hfq,qwen,oq8++,asym3,11.4,41.5,41.5,59.1,4062.5,4062.5,787585152,pass,;
qwen3.5-0.8b.bf16.hfq,qwen,oq8++,asym2,11.2,40.7,40.7,58.0,4140.4,4140.4,787585152,pass,;
llama-3.2-1b-instruct.bf16.hfq,llama,oq4+,q8,,,,,,,0,collect_fail,note: run with `RUST_BACKTRACE=1` environment variable to display a backtrace;
llama-3.2-1b-instruct.bf16.hfq,llama,oq4+,fp32,,,,,,,0,collect_fail,note: run with `RUST_BACKTRACE=1` environment variable to display a backtrace;
llama-3.2-1b-instruct.bf16.hfq,llama,oq4++,q8,,,,,,,0,collect_fail,note: run with `RUST_BACKTRACE=1` environment variable to display a backtrace;
llama-3.2-1b-instruct.bf16.hfq,llama,oq4++,fp32,,,,,,,0,collect_fail,note: run with `RUST_BACKTRACE=1` environment variable to display a backtrace;
llama-3.2-1b-instruct.bf16.hfq,llama,oq8+,q8,,,,,,,0,collect_fail,note: run with `RUST_BACKTRACE=1` environment variable to display a backtrace;
llama-3.2-1b-instruct.bf16.hfq,llama,oq8+,fp32,,,,,,,0,collect_fail,note: run with `RUST_BACKTRACE=1` environment variable to display a backtrace;
llama-3.2-1b-instruct.bf16.hfq,llama,oq8++,q8,,,,,,,0,collect_fail,note: run with `RUST_BACKTRACE=1` environment variable to display a backtrace;
llama-3.2-1b-instruct.bf16.hfq,llama,oq8++,fp32,,,,,,,0,collect_fail,note: run with `RUST_BACKTRACE=1` environment variable to display a backtrace;
qwen3.5-2b.bf16.hfq,qwen,oq4+,q8,23.1,27.8,27.8,514.6,466.4,466.4,1253843584,pass,;
qwen3.5-2b.bf16.hfq,qwen,oq4+,asym4,22.9,27.6,27.6,510.4,470.2,470.2,1253843584,pass,;
qwen3.5-2b.bf16.hfq,qwen,oq4+,asym3,23.1,27.8,27.8,503.2,476.9,476.9,1253843584,pass,;
qwen3.5-2b.bf16.hfq,qwen,oq4+,asym2,22.8,27.5,27.5,503.0,477.2,477.2,1253843584,pass,;
qwen3.5-2b.bf16.hfq,qwen,oq4++,q8,23.1,27.8,27.8,508.9,471.6,471.6,1253843584,pass,;
qwen3.5-2b.bf16.hfq,qwen,oq4++,asym4,23.0,27.6,27.6,518.8,462.6,462.6,1253843584,pass,;
qwen3.5-2b.bf16.hfq,qwen,oq4++,asym3,23.2,27.9,27.9,512.7,468.1,468.1,1253843584,pass,;
qwen3.5-2b.bf16.hfq,qwen,oq4++,asym2,22.8,27.5,27.5,503.8,476.4,476.4,1253843584,pass,;
qwen3.5-2b.bf16.hfq,qwen,oq8+,q8,4.9,18.7,18.7,25.2,9520.5,9520.5,1940202112,pass,;
qwen3.5-2b.bf16.hfq,qwen,oq8+,asym4,4.9,18.6,18.6,24.9,9622.5,9622.5,1940202112,pass,;
qwen3.5-2b.bf16.hfq,qwen,oq8+,asym3,4.8,16.9,16.9,25.1,9552.7,9552.7,1940202112,pass,;
qwen3.5-2b.bf16.hfq,qwen,oq8+,asym2,3.6,12.2,12.2,19.2,12515.3,12515.3,1940202112,pass,;
qwen3.5-2b.bf16.hfq,qwen,oq8++,q8,4.9,18.7,18.7,25.2,9542.1,9542.1,1940202112,pass,;
qwen3.5-2b.bf16.hfq,qwen,oq8++,asym4,4.9,18.7,18.7,25.1,9556.5,9556.5,1940202112,pass,;
qwen3.5-2b.bf16.hfq,qwen,oq8++,asym3,3.4,11.1,11.1,18.4,13050.1,13050.1,1940202112,pass,;
qwen3.5-2b.bf16.hfq,qwen,oq8++,asym2,3.0,10.0,10.0,15.9,15124.4,15124.4,1940202112,pass,;
qwen3.6-35b-a3b.bf16.hfq,qwen,oq4+,q8,,,,,,,0,collect_fail,note: run with `RUST_BACKTRACE=1` environment variable to display a backtrace;
qwen3.6-35b-a3b.bf16.hfq,qwen,oq4+,asym4,,,,,,,0,collect_fail,note: run with `RUST_BACKTRACE=1` environment variable to display a backtrace;
qwen3.6-35b-a3b.bf16.hfq,qwen,oq4+,asym3,,,,,,,0,collect_fail,note: run with `RUST_BACKTRACE=1` environment variable to display a backtrace;
qwen3.6-35b-a3b.bf16.hfq,qwen,oq4+,asym2,,,,,,,0,collect_fail,note: run with `RUST_BACKTRACE=1` environment variable to display a backtrace;
qwen3.6-35b-a3b.bf16.hfq,qwen,oq4++,q8,,,,,,,0,collect_fail,note: run with `RUST_BACKTRACE=1` environment variable to display a backtrace;
qwen3.6-35b-a3b.bf16.hfq,qwen,oq4++,asym4,,,,,,,0,collect_fail,note: run with `RUST_BACKTRACE=1` environment variable to display a backtrace;
qwen3.6-35b-a3b.bf16.hfq,qwen,oq4++,asym3,,,,,,,0,collect_fail,note: run with `RUST_BACKTRACE=1` environment variable to display a backtrace;
qwen3.6-35b-a3b.bf16.hfq,qwen,oq4++,asym2,,,,,,,0,collect_fail,note: run with `RUST_BACKTRACE=1` environment variable to display a backtrace;
qwen3.6-35b-a3b.bf16.hfq,qwen,oq8+,q8,,,,,,,0,collect_fail,note: run with `RUST_BACKTRACE=1` environment variable to display a backtrace;
qwen3.6-35b-a3b.bf16.hfq,qwen,oq8+,asym4,,,,,,,0,collect_fail,note: run with `RUST_BACKTRACE=1` environment variable to display a backtrace;
qwen3.6-35b-a3b.bf16.hfq,qwen,oq8+,asym3,,,,,,,0,collect_fail,note: run with `RUST_BACKTRACE=1` environment variable to display a backtrace;
qwen3.6-35b-a3b.bf16.hfq,qwen,oq8+,asym2,,,,,,,0,collect_fail,note: run with `RUST_BACKTRACE=1` environment variable to display a backtrace;
qwen3.6-35b-a3b.bf16.hfq,qwen,oq8++,q8,,,,,,,0,collect_fail,note: run with `RUST_BACKTRACE=1` environment variable to display a backtrace;
qwen3.6-35b-a3b.bf16.hfq,qwen,oq8++,asym4,,,,,,,0,collect_fail,note: run with `RUST_BACKTRACE=1` environment variable to display a backtrace;
qwen3.6-35b-a3b.bf16.hfq,qwen,oq8++,asym3,,,,,,,0,collect_fail,note: run with `RUST_BACKTRACE=1` environment variable to display a backtrace;
qwen3.6-35b-a3b.bf16.hfq,qwen,oq8++,asym2,,,,,,,0,collect_fail,note: run with `RUST_BACKTRACE=1` environment variable to display a backtrace;
qwen3.5-4b.bf16.hfq,qwen,oq4+,q8,11.7,13.9,13.9,273.5,877.7,877.7,2505949184,pass,;
qwen3.5-4b.bf16.hfq,qwen,oq4+,asym4,11.6,13.9,13.9,259.3,925.4,925.4,2505949184,pass,;
qwen3.5-4b.bf16.hfq,qwen,oq4+,asym3,11.7,14.0,14.0,273.6,877.3,877.3,2505949184,pass,;
qwen3.5-4b.bf16.hfq,qwen,oq4+,asym2,11.6,13.9,13.9,269.6,890.3,890.3,2505949184,pass,;
qwen3.5-4b.bf16.hfq,qwen,oq4++,q8,11.7,13.9,13.9,272.1,881.9,881.9,2505949184,pass,;
qwen3.5-4b.bf16.hfq,qwen,oq4++,asym4,,,,,,,2505949184,fail,daemon-backed speed executor failed: daemon stdout closed unexpectedly;
qwen3.5-4b.bf16.hfq,qwen,oq4++,asym3,11.7,14.0,14.0,267.5,897.2,897.2,2505949184,pass,;
qwen3.5-4b.bf16.hfq,qwen,oq4++,asym2,11.7,13.9,13.9,265.8,903.0,903.0,2505949184,pass,;
qwen3.5-4b.bf16.hfq,qwen,oq8+,q8,2.0,7.5,7.5,9.9,24226.7,24226.7,4290494464,pass,;
qwen3.5-4b.bf16.hfq,qwen,oq8+,asym4,1.1,4.3,4.3,5.5,43933.3,43933.3,4290494464,pass,;
qwen3.5-4b.bf16.hfq,qwen,oq8+,asym3,1.0,3.9,3.9,4.9,49037.4,49037.4,4290494464,pass,;
qwen3.5-4b.bf16.hfq,qwen,oq8+,asym2,0.9,3.9,3.9,4.7,51335.3,51335.3,4290494464,pass,;
qwen3.5-4b.bf16.hfq,qwen,oq8++,q8,1.2,4.0,4.0,6.4,37385.5,37385.5,4290494464,pass,;
qwen3.5-4b.bf16.hfq,qwen,oq8++,asym4,0.9,3.9,3.9,4.6,52277.3,52277.3,4290494464,pass,;
qwen3.5-4b.bf16.hfq,qwen,oq8++,asym3,0.9,3.9,3.9,4.6,52582.5,52582.5,4290494464,pass,;
qwen3.5-4b.bf16.hfq,qwen,oq8++,asym2,0.9,3.9,3.9,4.6,52667.1,52667.1,4290494464,pass,;
qwen3.5-9b.bf16.hfq,qwen,oq4+,q8,,,,,,,0,collect_fail,note: run with `RUST_BACKTRACE=1` environment variable to display a backtrace;
qwen3.5-9b.bf16.hfq,qwen,oq4+,asym4,,,,,,,0,collect_fail,note: run with `RUST_BACKTRACE=1` environment variable to display a backtrace;
qwen3.5-9b.bf16.hfq,qwen,oq4+,asym3,,,,,,,0,collect_fail,note: run with `RUST_BACKTRACE=1` environment variable to display a backtrace;
qwen3.5-9b.bf16.hfq,qwen,oq4+,asym2,,,,,,,0,collect_fail,note: run with `RUST_BACKTRACE=1` environment variable to display a backtrace;
qwen3.5-9b.bf16.hfq,qwen,oq4++,q8,,,,,,,0,collect_fail,note: run with `RUST_BACKTRACE=1` environment variable to display a backtrace;
qwen3.5-9b.bf16.hfq,qwen,oq4++,asym4,,,,,,,0,collect_fail,note: run with `RUST_BACKTRACE=1` environment variable to display a backtrace;
qwen3.5-9b.bf16.hfq,qwen,oq4++,asym3,,,,,,,0,collect_fail,note: run with `RUST_BACKTRACE=1` environment variable to display a backtrace;
qwen3.5-9b.bf16.hfq,qwen,oq4++,asym2,,,,,,,0,collect_fail,note: run with `RUST_BACKTRACE=1` environment variable to display a backtrace;
qwen3.5-9b.bf16.hfq,qwen,oq8+,q8,,,,,,,0,collect_fail,note: run with `RUST_BACKTRACE=1` environment variable to display a backtrace;
qwen3.5-9b.bf16.hfq,qwen,oq8+,asym4,,,,,,,0,collect_fail,note: run with `RUST_BACKTRACE=1` environment variable to display a backtrace;
qwen3.5-9b.bf16.hfq,qwen,oq8+,asym3,,,,,,,0,collect_fail,note: run with `RUST_BACKTRACE=1` environment variable to display a backtrace;
qwen3.5-9b.bf16.hfq,qwen,oq8+,asym2,,,,,,,0,collect_fail,note: run with `RUST_BACKTRACE=1` environment variable to display a backtrace;
qwen3.5-9b.bf16.hfq,qwen,oq8++,q8,,,,,,,0,collect_fail,note: run with `RUST_BACKTRACE=1` environment variable to display a backtrace;
qwen3.5-9b.bf16.hfq,qwen,oq8++,asym4,,,,,,,0,collect_fail,note: run with `RUST_BACKTRACE=1` environment variable to display a backtrace;
qwen3.5-9b.bf16.hfq,qwen,oq8++,asym3,,,,,,,0,collect_fail,note: run with `RUST_BACKTRACE=1` environment variable to display a backtrace;
qwen3.5-9b.bf16.hfq,qwen,oq8++,asym2,,,,,,,0,collect_fail,note: run with `RUST_BACKTRACE=1` environment variable to display a backtrace;
qwen3.6-27b.bf16.hfq,qwen,oq4+,q8,,,,,,,0,collect_fail,note: run with `RUST_BACKTRACE=1` environment variable to display a backtrace;
qwen3.6-27b.bf16.hfq,qwen,oq4+,asym4,,,,,,,0,collect_fail,note: run with `RUST_BACKTRACE=1` environment variable to display a backtrace;
qwen3.6-27b.bf16.hfq,qwen,oq4+,asym3,,,,,,,0,collect_fail,note: run with `RUST_BACKTRACE=1` environment variable to display a backtrace;
qwen3.6-27b.bf16.hfq,qwen,oq4+,asym2,,,,,,,0,collect_fail,note: run with `RUST_BACKTRACE=1` environment variable to display a backtrace;
qwen3.6-27b.bf16.hfq,qwen,oq4++,q8,,,,,,,0,collect_fail,note: run with `RUST_BACKTRACE=1` environment variable to display a backtrace;
qwen3.6-27b.bf16.hfq,qwen,oq4++,asym4,,,,,,,0,collect_fail,note: run with `RUST_BACKTRACE=1` environment variable to display a backtrace;
qwen3.6-27b.bf16.hfq,qwen,oq4++,asym3,,,,,,,0,collect_fail,note: run with `RUST_BACKTRACE=1` environment variable to display a backtrace;
qwen3.6-27b.bf16.hfq,qwen,oq4++,asym2,,,,,,,0,collect_fail,note: run with `RUST_BACKTRACE=1` environment variable to display a backtrace;
qwen3.6-27b.bf16.hfq,qwen,oq8+,q8,,,,,,,0,collect_fail,note: run with `RUST_BACKTRACE=1` environment variable to display a backtrace;
qwen3.6-27b.bf16.hfq,qwen,oq8+,asym4,,,,,,,0,collect_fail,note: run with `RUST_BACKTRACE=1` environment variable to display a backtrace;
qwen3.6-27b.bf16.hfq,qwen,oq8+,asym3,,,,,,,0,collect_fail,note: run with `RUST_BACKTRACE=1` environment variable to display a backtrace;
qwen3.6-27b.bf16.hfq,qwen,oq8+,asym2,,,,,,,0,collect_fail,note: run with `RUST_BACKTRACE=1` environment variable to display a backtrace;
qwen3.6-27b.bf16.hfq,qwen,oq8++,q8,,,,,,,0,collect_fail,note: run with `RUST_BACKTRACE=1` environment variable to display a backtrace;
qwen3.6-27b.bf16.hfq,qwen,oq8++,asym4,,,,,,,0,collect_fail,note: run with `RUST_BACKTRACE=1` environment variable to display a backtrace;
qwen3.6-27b.bf16.hfq,qwen,oq8++,asym3,,,,,,,0,collect_fail,note: run with `RUST_BACKTRACE=1` environment variable to display a backtrace;
qwen3.6-27b.bf16.hfq,qwen,oq8++,asym2,,,,,,,0,collect_fail,note: run with `RUST_BACKTRACE=1` environment variable to display a backtrace;
